token,frequency
CA,11851798
AS,11090222
SS,9735259
YF,5608744
QY,5269670
FF,5242797
EQ,4349359
GG,3233765
SG,2833730
TQ,2811672
TG,2418763
SL,2308894
QF,2217414
SA,2196936
CS,2171966
SP,2057273
GT,2021885
AG,2015986
GY,1962713
GE,1942221
NE,1912255
RG,1896467
SR,1842993
TF,1798801
DT,1713078
YT,1642796
GA,1641117
EA,1636950
AF,1621324
LF,1615263
SY,1538569
HF,1521057
YE,1515186
QG,1470036
GR,1440852
GS,1375570
TS,1368011
ST,1316673
TE,1290894
NT,1283789
ET,1268347
PG,1265535
GQ,1241887
GL,1234508
SV,1200108
SQ,1199701
AT,1157127
LA,1141623
LG,1134014
AR,1129234
PQ,1108917
EL,1093465
YG,1074948
GN,1068960
TD,982391
RD,965212
YN,959615
SE,950176
QP,943041
QH,936356
PL,893157
DR,876158
GP,872497
VG,826553
GV,799998
GD,789788
RT,781750
EG,711299
RA,708033
SN,701331
SD,688082
RE,679283
LT,657270
LH,656361
SF,634161
KL,613115
QE,599912
AN,588314
RS,579442
EK,566667
NQ,555640
AI,546716
RR,524728
IY,515833
LS,513864
NS,508415
DG,501338
PR,498336
SI,493986
DS,493087
PS,490344
TI,477111
IS,475577
VL,445968
RV,444906
LR,440635
RL,428913
RP,425454
RQ,422523
PT,418742
AP,402932
NY,402511
DE,399203
TR,392067
AA,390058
AW,382348
AD,381168
GI,377109
VE,376371
PP,372609
SK,368276
VS,364616
AL,358379
AE,355812
YS,351884
VA,351564
IQ,351067
LD,347960
QD,346119
RN,343107
TT,340006
LE,337907
TY,337499
AY,332819
WG,332395
IG,331333
GF,328111
FG,327105
TP,326523
TA,325211
LN,320791
TN,316829
KG,315083
LV,308749
PY,306552
VR,306085
GK,290279
DP,289537
ES,288472
LL,282889
VT,280690
SH,276307
PD,275020
TL,273364
NV,268839
DL,263484
WS,260266
LP,258360
AQ,257289
QA,256554
PA,252677
PN,251904
ER,251385
VD,248443
DY,245577
GH,243260
AV,241417
LY,238313
NI,232389
SW,230749
GW,225511
VN,223712
FS,219737
KN,218748
EE,218496
PE,216255
QT,216076
RY,211273
LQ,210879
NR,207202
DN,206039
AK,201949
VP,201313
IR,198865
QV,195480
NG,195304
QR,194395
VV,193010
TV,188956
QS,188349
WT,183769
ED,181850
NN,181109
DQ,179741
MG,178952
VY,178270
YR,175128
HE,172186
FR,165459
VQ,162624
EV,160616
EN,158536
HG,157752
SM,153242
EP,153014
KT,152222
IT,151386
RI,145004
GM,141905
NP,140425
IA,138204
PV,137636
FT,135599
MN,134072
WD,133235
QL,132335
RK,131119
FY,125216
DA,123645
KE,122964
HR,121319
QN,120982
IN,120434
RF,119228
IP,117295
YY,117107
HT,115061
YQ,113741
HS,113130
EY,111462
LI,111300
KA,109387
FP,109276
KR,108258
IL,106801
FN,104876
FL,103964
QQ,102254
ID,101651
WA,101273
WR,100990
LK,100610
WE,100585
DI,98843
KS,98318
HN,97685
PI,97280
KD,96352
NL,95862
DF,95489
YP,94913
TK,94766
AH,94537
RW,94252
PF,94086
IE,93738
FE,92986
LW,91570
DV,89509
PK,86640
PW,83858
FA,83757
RH,83590
KQ,81587
YL,80784
FQ,79851
HP,79079
PH,78303
FD,77812
VF,77199
DW,75688
WN,72776
TH,72445
EI,72227
HY,71967
KP,71289
EF,70795
VK,70366
DD,69959
VI,69222
MT,62840
HL,62710
QI,61916
YV,61663
VW,61528
HQ,61340
EW,60973
YA,60925
RM,60751
DK,60560
LM,59936
DH,56888
KV,56336
NA,56335
TW,56248
IV,56154
YD,56077
VH,55448
AM,55160
MA,52270
MD,50787
FV,50344
QK,48918
KY,48499
MS,47696
WQ,46360
MR,46303
WV,43670
IK,43606
PM,43548
ND,41892
ME,36725
TM,36066
IF,34822
EH,34041
VM,33323
II,33048
HA,32507
KK,31687
QW,31652
WL,31135
WP,30678
FI,30288
IH,30226
FW,30035
HD,29976
DM,29836
EM,29770
NF,29460
KI,29105
MV,27773
FK,27386
WY,27050
FH,27000
IW,26288
NK,25221
SC,24967
AC,24760
KF,24531
CT,23719
YI,23467
QM,23319
NH,23248
YK,22469
WK,22156
CR,21691
NW,21320
CG,21271
YH,20196
YW,19351
IM,19322
ML,19247
MP,19170
HV,18987
MY,18288
KW,17827
HI,17603
WI,17168
FM,17055
CV,16604
MQ,16124
HH,15368
HK,14265
KH,13224
NM,12721
YM,11915
MK,11672
KM,11531
MI,11433
HW,11174
WF,10736
CP,9602
GC,9501
CY,9382
WM,9062
MW,8974
MF,8783
WW,8491
WH,7428
CL,7423
HM,6940
CE,6614
LC,6558
VC,6273
CD,6227
MM,5909
CN,5474
RC,5148
MH,4693
CQ,4522
CF,4098
TC,3629
CI,3269
PC,3250
IC,2478
DC,2478
CK,2398
QC,2153
EC,2125
FC,2025
CH,1859
CC,1706
CW,1689
NC,1382
YC,1341
WC,1132
KC,1078
CM,884
HC,687
MC,504
CAS,10223036
ASS,8262439
QYF,5124739
TQY,2636580
EQY,2159407
QFF,2147214
EQF,2087513
SSL,1936135
NEQ,1613516
AFF,1500564
LFF,1497544
CSA,1491342
YEQ,1455143
YTF,1443230
GYT,1437633
EAF,1388923
DTQ,1348759
SSP,1153450
TEA,1086866
ETQ,1042506
SSQ,955686
ELF,942816
GEL,928149
QHF,902533
PQH,886975
YGY,861809
ASR,824963
QPQ,819073
YNE,796989
TDT,793591
SSS,770693
SSY,766231
SAR,731333
TGE,708915
CAT,692103
SPL,649763
LHF,592895
LAG,586023
GTG,585290
PLH,577347
KLF,546548
SSG,539515
CSV,534520
ATS,532132
NTE,526972
GQG,519661
EKL,509647
SSF,500368
TSG,494840
AGG,494521
NQP,490611
SSR,488400
SYE,475697
SGG,473663
AST,468108
SSE,463320
GNT,457257
ASG,429285
CAI,409050
SLG,407501
GGG,404882
TIY,398960
QET,398529
IYF,395056
SSV,383163
SYN,376986
TGG,368351
GLA,366623
NTI,365888
NSP,333529
SST,330692
SGR,308642
GAN,306056
SSA,301929
NYG,301300
CAW,298444
AIS,294034
SRG,291359
GAG,290688
DEQ,289499
SLA,289339
RGG,289065
SGT,283891
GGT,283317
GTS,282261
DRG,278307
NTG,277847
GEQ,277453
GGA,276920
SPG,276039
SSI,275894
SAS,275531
GRG,271746
STD,263122
SGA,262932
GSG,259162
NEK,258543
GGS,258189
IQY,258009
VLT,253418
LTF,253201
RTG,249427
ARD,249155
SGN,244349
GGR,243223
GGY,240835
SGS,240800
NVL,237337
SSD,236458
SQD,234045
ANV,233049
QGA,228082
SQG,220275
GGE,219149
RDR,218212
SAG,217452
STG,216857
SVG,215674
SNQ,212441
TGT,210156
NIQ,208620
GGP,207485
SVE,202438
GET,201704
AGE,201233
GGL,200828
GTE,198942
LGG,198042
PGQ,193610
GTD,193011
TSR,192238
AWS,190407
AGT,190028
SRD,187335
SLS,186213
SYS,185594
ARG,183768
PGT,183662
SPR,183148
QGG,181195
RQG,178763
GGN,178690
RGT,177948
GNE,175360
SSH,173962
ASN,173188
PGG,172616
SLR,172417
AGA,172031
GSY,171221
SLV,171148
GDT,169354
TSD,167494
ADT,167347
GLG,166360
SRT,165736
RAG,163682
TYE,162753
RGR,161537
SGL,158756
SQE,158727
GGQ,156769
GPG,155277
GSS,152709
SLD,152457
SLE,151909
SRP,151875
PSG,150904
SGE,148819
GRA,148817
VGG,145853
SRR,145723
SAP,145476
SYG,143759
ASK,143434
RGL,142307
GVG,142250
SSK,141460
TGA,140814
GYE,139918
SPP,139758
SAT,139471
HEQ,138859
RGS,138329
KNI,136979
SLT,134560
GAS,134342
ATG,133401
LSG,131796
LGT,130601
SEQ,130317
ISE,130073
PGL,129899
PTG,129474
SSW,129303
SGQ,129110
PYE,129009
AYE,129002
RGA,128018
GYG,127237
RET,127212
AGV,127078
SRS,126966
LTG,126571
SPS,125722
GGD,125712
TNE,125127
RGQ,125041
RSG,124207
SEA,121176
SEG,121093
VAG,120800
GRT,120168
GGV,119815
YNS,118762
RLA,118653
SRA,118564
TGS,118211
SRL,117612
SPT,117203
GRE,115283
SRE,114790
SSN,114522
AGS,114387
RTS,114376
QGS,114055
SVA,113777
ASI,113468
RDT,113337
RGE,112527
SLL,112472
GTQ,112361
PRG,112244
GQP,112125
SES,111942
GNQ,111805
MNT,110264
NNE,109722
SDT,109708
RRG,109472
GRS,109310
DGY,108428
QGR,107717
STP,106890
REG,106889
PPG,106785
EGG,106532
GST,106110
TGR,105952
RGY,105658
SGY,104619
DTE,104564
SFG,104359
TGL,104231
GSP,103827
TGV,103633
QGT,102854
LGQ,101640
RDS,101233
RPG,100954
LNT,100902
LRG,100817
SGP,100718
ASA,100663
GDR,100487
GTA,100034
RGP,99883
GEG,99372
STS,98687
AGR,97664
GRD,97381
GAR,97344
REQ,97040
STR,96339
QGL,96120
SDR,95559
VGT,95435
GYN,94964
GAY,94888
AGD,93934
TTG,93895
DTG,93483
ARE,93016
SVD,92829
AGN,92722
PGE,92572
SAL,92563
GSN,92177
SNE,91891
APG,91854
DNE,91780
AAG,91117
RGN,91069
ANT,90899
SQV,90652
VSG,90327
SRQ,89873
TGN,89408
GLS,89238
RDG,89087
SLP,88952
DYG,88904
AEA,88891
GQE,88726
AKN,88518
DRA,88036
SGD,87825
TSS,87780
ISG,87616
RGD,87533
GRN,87418
SGV,87200
DSG,86904
ASL,86802
GAD,86783
RVG,85882
GPS,85878
AGL,85333
RNT,85013
EET,84894
PDT,83820
AGQ,83468
GTY,83404
SVR,83147
TGD,82733
SIG,82674
TPG,82600
SET,82498
RTD,82482
GAT,82137
SQA,81768
SVV,81743
QGV,81738
STE,81691
GEK,81519
GDE,80838
PAG,80723
DRV,80595
TRG,80132
VTG,79991
STL,79887
ARS,79873
TGQ,79725
SDS,79577
LQG,78952
GRR,78848
GVS,78727
PGA,78256
ARA,78240
LGL,77968
LGA,77773
VGE,77672
RNE,77648
LGE,76373
PGR,75857
SPQ,75689
SNT,75619
GAE,75574
GDS,75349
ASP,74787
LGS,74689
GEA,74620
LGR,74549
RAS,74223
SVS,74041
SRV,74029
SAA,74015
ETG,73871
EGT,72907
LPG,72778
ASY,72664
GLN,72620
GDG,72386
GGI,72153
AYN,72117
GPY,72021
TYN,71604
PQG,71100
ART,71014
SFR,70933
SFS,70894
GSE,70831
QGP,70724
SLN,70698
SKG,70686
GAA,70569
DPG,70382
SSM,70093
GNS,70085
GTT,70019
ARV,69934
LVG,69777
ATR,69407
GRV,69338
GGF,69213
AGY,68799
DSP,68770
GSR,68690
VRG,68611
YSG,68577
TGP,68534
QGN,68509
DQP,68450
SDP,68075
SPA,68029
SPD,67740
GAL,67640
RGV,67372
FSG,67265
SDG,67190
STT,66947
GTN,66892
RSS,66741
ALG,66654
DGG,66506
ANE,66489
GQA,66239
NRG,66068
EAG,66046
RDP,65921
SQP,65614
RLG,65571
TST,65325
GLT,65146
TAG,65118
PLG,64983
LDR,64517
AGP,64496
GTR,64366
WTG,64205
VNT,64035
GPT,63912
DRD,63721
SLQ,63617
LEG,63510
PYN,63278
WSV,63119
GRL,62978
GNY,62765
RSY,62705
RTE,62641
SWG,62503
RDL,62436
PDR,62250
LYE,62101
SAQ,61993
GAF,61740
VEG,61450
HNE,61276
PRT,60874
QGE,60747
ANY,60661
GVN,60655
CAR,60566
SAD,60543
SAE,60517
SYR,60375
QTG,60319
TNT,60267
PNT,60100
GPN,59955
TGY,59772
VGQ,59721
SLY,59651
ERG,59644
GTV,59576
LNE,59510
ATN,59463
AIR,59194
KET,59193
GAP,59123
ASQ,59086
SVT,59023
IAG,59007
SER,58884
GVT,58427
GPR,58358
ARR,58298
QGY,58288
GSL,58199
RRT,58190
ESG,58166
ASE,57748
GDY,57695
AQG,57637
PGS,57610
GLR,57602
LSS,57536
LLG,57512
IGG,57485
DRE,57273
NSG,57265
GTP,57216
QGQ,57184
SYT,57063
GIG,56878
GLE,56865
VGS,56807
LAA,56421
FGG,56378
VNE,56272
GVA,56089
SVL,56003
EGA,55949
EGR,55865
SAN,55838
QAG,55828
QGD,55810
QDR,55678
LAS,55178
SQR,55146
VYE,55037
SGI,54964
SQT,54913
VGA,54845
GGK,54820
LSY,54625
SAK,54607
NYE,54510
VPG,54430
GFG,54379
CSG,54280
RDE,53684
LGP,53470
LET,53426
NGY,53347
GSD,53332
GVR,53221
SLF,53075
GRY,52959
GSA,52788
GRQ,52737
SDL,52689
SRN,52674
SQS,52418
GLY,52379
AEQ,52259
DYE,52176
YSN,52166
STQ,52146
GLD,52081
YTG,52011
GLV,52005
DGT,51902
SPE,51817
DSY,51712
AET,51642
SLI,51633
DLG,51631
GPQ,51591
TSY,51482
GQS,51423
PTS,51368
LDT,51327
ARP,51325
GVY,51191
GAQ,50894
GPL,50873
LYG,50834
GGH,50825
TLG,50731
GVE,50705
EGQ,50652
RYE,50650
GTL,50622
EGL,50598
GQY,50587
WGG,50581
PSS,50394
GRP,50393
PGP,50204
VEQ,50160
TQG,50099
SPY,50079
GWG,49914
VET,49868
SAI,49794
TSE,49757
LGD,49532
ATD,49471
GAV,49450
LTS,49443
VGR,49278
EGY,49274
YRG,49263
LGY,49089
RRD,49008
KGG,48976
EGS,48957
SVP,48944
LLA,48830
SIR,48791
VDT,48751
LGN,48626
PNE,48549
QGI,48454
TSA,48033
PRD,47667
SFL,47483
PLA,47367
PSY,47309
RST,47236
LEQ,47126
VQG,47032
LRT,47010
GQT,46882
PGN,46829
SFP,46763
DSS,46568
SLW,46466
SPN,46227
GDN,46111
SNY,45823
DRT,45777
REA,45673
LAR,45634
YTE,45628
GPD,45604
PTD,45545
FYE,45521
KTG,45499
FGT,45449
LAE,45424
GKG,45387
IGT,45383
ENT,45381
TRT,45322
PST,45309
VSY,45277
GQV,45160
SNR,45117
VGY,45114
QRG,45094
ATT,45040
SNS,44957
SIS,44822
PEA,44744
VGL,44732
VGN,44721
ASD,44660
ISD,44646
ATE,44471
VVG,44337
LDG,44317
TGI,44229
AYG,44208
AVG,43976
LTD,43879
ASV,43683
TSP,43634
IRG,43438
SAV,43230
YQE,43177
DRS,43105
GPP,43069
SLK,43059
RRE,43045
RAT,43015
SNP,42957
LGV,42862
STA,42759
RAD,42708
GEE,42701
ITG,42672
GGW,42553
GLL,42546
SRK,42458
GVD,42365
SPV,42334
LAD,42303
RSP,42297
GPE,41951
SYP,41931
IYE,41910
VSS,41884
CAG,41789
ASM,41778
GIS,41707
RAR,41487
SAY,41427
GNN,41425
EQG,41186
LRD,41141
SEL,41126
QGF,41062
VLG,41049
RVS,40912
LST,40842
LAV,40815
QEG,40744
PGD,40571
GSQ,40571
DRR,40453
GQR,40287
SGK,40201
NPG,40080
EGE,40041
SFT,39965
AQY,39916
TGF,39874
LYN,39842
NSY,39674
LAP,39629
PYG,39583
RAN,39567
YYG,39539
AAS,39504
RDY,39435
GFS,39337
GPA,39270
SDE,39176
GLP,39115
ALA,39022
VYG,39018
NTD,38912
ARL,38742
YYE,38720
VED,38714
STN,38599
TDR,38538
SVQ,38400
FTG,38367
SIP,38240
GYS,38205
ADR,38172
SMG,37993
RRA,37990
AEG,37979
SRI,37978
TRD,37893
STY,37754
TNY,37750
LAL,37699
HGY,37636
LAK,37564
RGI,37560
VGD,37518
FRG,37431
GQF,37419
YGG,37404
TYG,37344
SGF,37300
GES,37285
DEK,37259
RAL,37224
SQL,37219
SEP,37174
PGV,37044
SHG,36946
WGT,36941
GVL,36771
RPS,36716
SRY,36633
TEQ,36627
ATQ,36604
NTQ,36601
EDT,36579
EPG,36529
RAP,36446
GQL,36406
FNE,36396
SYL,36390
RAE,36305
AIG,36260
LAT,36116
VTD,36028
AWR,36000
GQN,35912
SHR,35758
RAA,35650
DTD,35639
APR,35609
WSG,35427
REL,35383
RAY,35376
RYG,35200
QVG,35162
RTA,35161
RPT,35076
SEV,35050
QDL,34995
GNG,34911
RER,34789
SEK,34772
GQD,34747
IPG,34644
SPI,34627
RGF,34606
QDG,34599
QSG,34554
APS,34505
GEN,34399
GSV,34351
SEE,34348
GIY,34342
ARQ,34329
RVA,34297
TTD,34289
AWG,34285
TTS,34250
WDR,34201
SID,34116
RDQ,34101
LEA,34049
RQE,34041
QDT,34032
KGT,34008
RRS,33962
TET,33913
PRQ,33816
VTE,33815
GAK,33689
LRE,33653
EVG,33613
SWT,33594
RDN,33514
PRE,33493
DSN,33410
LQE,33402
SIL,33394
DSR,33383
PRA,33342
INE,33331
VYN,33314
IGE,33302
QQG,33281
TGK,33215
TSV,33109
QNT,33064
GKN,33041
HRG,33037
GER,33013
DRL,32985
PET,32966
ESS,32931
YTD,32886
LDS,32794
SNG,32714
YGT,32690
GHE,32682
EGP,32584
RES,32572
RVT,32475
DGE,32475
ARN,32465
VLA,32455
SKR,32450
IQG,32446
GLQ,32446
AWT,32427
EDR,32401
RYN,32310
DYN,32307
TAS,32258
YSP,32255
RSN,32148
PVG,32126
PEG,32108
SKT,32045
VDG,31966
KTQ,31952
DGR,31910
WTS,31892
VEA,31870
LSP,31802
ALS,31764
SIA,31746
GKL,31745
QPG,31742
GVP,31646
SPW,31576
FYG,31570
RRQ,31523
LRA,31485
GDQ,31442
RVR,31431
EGN,31388
YQP,31366
RSR,31320
DAG,31219
RGH,31162
REK,31139
VGP,31065
TLA,30998
PEQ,30959
PQE,30941
VRT,30845
PRR,30793
PGY,30772
VDR,30767
ATA,30723
RTT,30710
AQE,30705
LSR,30659
DPR,30628
ISY,30587
RNS,30553
VDE,30492
FSY,30482
GRI,30479
GFY,30454
PPR,30452
TSL,30392
RNQ,30388
TVG,30325
RSL,30303
RQP,30275
DNS,30164
DST,30131
RPR,30046
NRD,30027
DGS,30023
GIN,29962
ANS,29958
AGI,29938
QGK,29936
HSG,29934
PPS,29934
FTD,29920
GIT,29917
FPG,29904
QDP,29903
KAG,29837
ALT,29706
APT,29688
TSN,29685
QDS,29598
YSY,29561
ATL,29549
PSR,29471
SLM,29411
IYG,29316
VGV,29299
ELA,29277
RLS,29246
SFA,29243
RPP,29160
PNY,29149
KGQ,29140
GVQ,29116
GVV,29104
KNT,29025
LDE,28980
SIT,28968
WGQ,28840
GMG,28826
ASH,28802
RAF,28733
RLT,28712
TAN,28649
HTG,28644
ATY,28628
SPF,28612
VST,28584
MGG,28569
SED,28529
DQG,28504
APL,28477
ELG,28449
TPS,28446
VRD,28425
SHP,28406
SAF,28405
FEQ,28398
FGE,28381
GDL,28377
RTY,28340
WAG,28313
LVS,28307
WET,28300
DRP,28284
NGG,28200
GHG,28018
SRF,27985
RVN,27897
QYV,27850
VRE,27837
RSE,27813
LRQ,27729
SNL,27726
GMN,27691
GFT,27686
ASF,27633
AGK,27630
SPK,27614
TPR,27579
DGA,27575
LRS,27523
EGV,27464
PRS,27435
AAT,27360
LVA,27350
DPS,27336
STV,27303
DLA,27302
RTQ,27283
RGK,27274
DSL,27202
GAI,27199
ETS,27144
TEG,27074
GYY,27073
VTS,27010
SFQ,27006
PRL,26961
RRL,26942
AIT,26939
RPQ,26917
QGW,26907
IGQ,26868
FGQ,26811
GDP,26788
GHT,26738
YSS,26718
GGM,26690
REE,26658
ALR,26606
SVN,26590
ATP,26562
ITD,26547
KQG,26523
SKA,26515
GED,26440
KRG,26390
LNS,26390
ADS,26350
ADG,26344
VQE,26330
DIQ,26306
TRS,26297
RTR,26292
NYN,26266
VAS,26264
EEG,26236
LSN,26235
GFN,26221
QTS,26140
FAG,26079
CAA,26044
EGD,26004
DGQ,25999
QSS,25974
SGW,25970
SQY,25946
LTE,25908
RKG,25893
WGA,25883
SIQ,25882
RRR,25811
ADE,25755
ISS,25677
LNY,25650
GKE,25502
ISP,25497
LWG,25486
AAN,25474
SQQ,25424
RDA,25404
GIQ,25403
SFD,25376
GSF,25373
TRQ,25277
PLS,25276
EST,25211
AAR,25193
WGS,25149
SHE,25014
EEQ,25004
RPL,24993
KGA,24944
APP,24929
RVE,24920
DLR,24834
AGF,24806
LAN,24798
LRR,24770
RRN,24764
PLR,24743
SPH,24738
GRF,24729
GKT,24712
TRR,24702
DGN,24682
RTN,24659
MTG,24641
RVD,24639
SYA,24636
RAQ,24618
SAH,24564
AAY,24539
GEV,24519
SWD,24518
PPT,24507
TRA,24495
HYG,24471
YST,24466
YPG,24436
TRE,24405
SHS,24372
RTP,24311
TTE,24286
AAD,24284
SFE,24283
VEE,24245
WRG,24209
DRN,24205
GHS,24205
GHN,24194
SGH,24189
TQE,24132
TAT,24099
LVR,24095
WGE,24067
RWG,24037
PSP,24036
RPD,23998
RGW,23986
WGR,23976
SYQ,23912
SFY,23885
TDS,23853
ISA,23828
TPL,23792
ESY,23777
GWT,23756
RNY,23735
DGL,23698
GAH,23695
YSR,23682
RQA,23681
HTE,23675
TTN,23673
TPT,23672
ERT,23666
RSD,23650
IYN,23644
KGL,23642
LKG,23603
SKE,23588
RVP,23575
PDS,23531
TLS,23520
PDG,23512
FGY,23506
ALN,23484
LLS,23477
AVS,23475
GTI,23408
RIG,23370
RDI,23240
NSN,23229
RLN,23210
ERE,23198
SDY,23188
SRW,23184
DPT,23181
PLT,23163
APD,23149
GIA,23137
PTE,23128
RED,23124
REN,23118
PPL,23081
SEY,23066
VSN,23028
NNS,22995
SVY,22983
ENE,22966
GNI,22942
GPV,22927
IRD,22894
GEY,22892
STK,22864
SLH,22845
RVL,22830
HYE,22793
AKG,22747
HQP,22745
GNR,22709
RYT,22670
QTQ,22653
DLS,22577
DRQ,22547
DQE,22483
QAS,22461
KDT,22430
SKS,22378
TGW,22372
STI,22357
LPS,22349
RLR,22349
SIE,22321
IEQ,22274
APY,22269
SDQ,22203
PNS,22172
LIG,22148
FLG,22142
REV,22109
FYN,22106
GWD,22088
KSG,22073
PWG,22059
TAY,22046
YRD,22024
SKD,21973
STF,21966
NQE,21953
GRK,21928
RSA,21917
LNQ,21915
PTR,21852
LSA,21843
GLF,21766
ASW,21747
WDT,21742
EPQ,21723
VDS,21696
LAQ,21685
SQN,21667
RAV,21665
GTF,21653
ESR,21612
SFN,21557
LSE,21552
VSP,21552
SAW,21551
RPY,21542
EAS,21534
SIV,21476
HGG,21471
TLT,21467
SKP,21434
PAS,21378
FQG,21340
VRS,21305
GSI,21294
GIE,21286
SHT,21277
SRH,21261
QGH,21245
LAY,21240
SDF,21221
LDP,21212
GYQ,21207
GWE,21183
NLG,21142
VRA,21141
IRT,21136
GIR,21132
KPG,21071
VAD,21060
LVP,21058
LRL,21035
GSH,21015
RTV,20993
HPG,20965
AAE,20941
QLA,20918
NGE,20897
REP,20887
RQT,20877
SFF,20868
SYD,20868
PNQ,20845
TLR,20817
SFV,20812
TGH,20805
IST,20780
LFG,20701
RTL,20687
FGA,20687
TDG,20658
SDA,20656
GFE,20626
GKS,20583
ILG,20554
MGQ,20527
WSP,20492
RLD,20489
SYY,20460
RDF,20453
WEQ,20429
VAT,20414
RVY,20383
SEN,20371
TRL,20321
IGS,20297
IGA,20280
KDR,20198
IDT,20194
PGH,20152
PTY,20138
SKL,20111
VSE,20107
FRD,20087
KGS,20048
KGE,20041
AVT,20017
DSA,20017
LSL,19999
PPP,19993
GQQ,19992
IGR,19922
PSN,19857
SHL,19840
ESP,19815
WNT,19794
QLG,19791
TVN,19774
SKN,19761
DLT,19752
RDV,19729
IQE,19678
ETE,19657
CAC,19654
TTY,19650
GID,19626
ANQ,19616
APN,19577
GQI,19576
WNE,19576
TVS,19528
MGT,19521
KGR,19517
WGL,19512
DVG,19511
FGS,19497
RRP,19494
LLT,19486
NAG,19481
VAE,19470
AYT,19467
HGT,19467
LTY,19451
WGY,19378
PRV,19369
RPN,19332
RFG,19328
SEF,19323
LPR,19282
PPY,19256
PRP,19252
DWG,19249
QRT,19239
ATK,19236
FGR,19219
DTS,19202
LLR,19162
LVT,19155
FSS,19143
LTR,19142
SVK,19137
EDG,19117
YGQ,19065
WSS,18987
TAR,18985
VNS,18961
PTT,18927
AGH,18911
LER,18868
AQP,18853
GWN,18818
PPA,18803
ALD,18796
PSE,18772
QRE,18771
SEW,18769
PPD,18768
SGM,18766
PSA,18757
LRP,18741
EYE,18652
GFR,18626
ADY,18599
VNY,18563
HTD,18522
RRV,18492
YGE,18481
FGN,18459
TNS,18450
EYG,18428
ARY,18413
NRA,18412
QGM,18409
RSQ,18405
TLN,18394
LPT,18380
PKG,18378
AAA,18370
GHY,18359
VPS,18306
FQE,18288
GAW,18285
KGY,18282
GTK,18260
RPA,18241
IGY,18209
VLS,18199
PSL,18195
DNQ,18186
LVL,18181
EAR,18109
GEP,18085
ARK,18072
YTQ,18050
QVS,18040
AFG,18037
IGN,18023
FRT,18019
RLE,18003
ILA,17879
AVR,17849
ERA,17842
SKV,17829
SDN,17822
LTP,17794
NQG,17782
GDA,17778
AVN,17774
WSA,17753
GTH,17737
VSR,17679
GLI,17658
LTT,17651
TPP,17648
QEA,17627
QSY,17600
PTN,17590
LTA,17580
ISR,17557
YYN,17555
GKA,17546
TPY,17510
WGN,17463
IGL,17434
AIN,17422
GKD,17391
WTE,17374
GSW,17335
KAF,17331
AAP,17316
APA,17302
SWA,17266
LDL,17255
RNR,17245
VRQ,17217
VEV,17202
TTT,17125
ALE,17124
IDR,17028
GYR,17018
RPE,17006
GSK,17004
VNQ,16998
VER,16983
VAA,16963
AGW,16940
WSR,16914
TGM,16904
YLG,16895
VVS,16877
SQI,16862
TTR,16829
LPP,16814
ISV,16796
YAG,16778
LAF,16770
ADN,16753
QER,16751
APE,16746
LGI,16736
RVQ,16714
VAR,16699
DRY,16687
ITE,16667
GRH,16661
FGL,16643
NNQ,16641
CSS,16631
GPF,16623
MAG,16618
WDS,16613
GDI,16593
DPL,16593
PAR,16592
TKG,16582
DGP,16575
TAL,16555
RNN,16540
SQF,16529
SNN,16524
TAD,16517
LRV,16511
TRP,16507
STH,16500
DTI,16473
EYN,16445
GPI,16435
APQ,16432
SAM,16427
SEI,16424
PIG,16412
LNR,16395
DEA,16388
RQS,16387
LES,16382
CAV,16378
SKQ,16374
GWS,16374
TDE,16374
GVF,16361
DPA,16343
HRD,16337
GRW,16332
PTA,16325
LNG,16312
RDW,16308
RQY,16303
EWG,16296
ERD,16296
TSQ,16283
INT,16282
ALP,16251
QAT,16228
GIL,16222
KNE,16218
GWA,16187
EAL,16160
RNG,16132
SRM,16113
VTQ,16112
KTS,16101
DYT,16082
TRN,16074
RLL,16055
RVV,16049
SVI,16041
DGD,16038
ANR,16038
LSD,16031
FTE,16022
ALY,15994
PSD,15961
HSY,15914
VAP,15905
LGF,15892
QST,15889
PTP,15882
SPM,15874
DFG,15873
ETD,15867
VVA,15867
AVA,15863
NRE,15843
AYS,15842
ALL,15807
VTY,15806
GFD,15784
QAR,15783
TDY,15781
QAN,15776
WGD,15775
LMG,15773
VWG,15758
TAA,15739
RKT,15736
SIN,15705
PFG,15702
VES,15689
SIY,15678
SYV,15674
TPD,15671
LRN,15671
GLK,15660
RIS,15659
PAT,15645
ARI,15632
VQP,15622
NGQ,15606
AEE,15595
GHR,15561
FST,15556
QAF,15517
ANN,15500
PLD,15452
PNR,15438
TPN,15425
AHE,15407
RQD,15395
VRR,15385
STW,15381
WQG,15375
QES,15366
AWN,15364
DPY,15357
GPK,15329
ERS,15317
QAP,15296
RLP,15290
KQY,15281
ETY,15278
CAN,15272
VEK,15265
GVI,15261
DNY,15256
ASC,15254
SWR,15246
TAP,15237
GPH,15236
ANG,15234
PWT,15170
ENS,15139
PLN,15130
IET,15126
AAQ,15123
SYF,15084
TAE,15020
DSQ,15002
PLL,14991
VRN,14952
EDS,14940
FLA,14935
AAL,14921
PLP,14892
ISN,14862
PQY,14837
TWG,14833
QAL,14830
YRT,14822
IRE,14816
YQG,14812
DTY,14807
PGI,14802
REY,14783
DSE,14776
KLA,14774
PLE,14757
GVK,14743
LPL,14736
AVE,14670
GLH,14667
LPY,14660
FDR,14654
KGN,14653
QEQ,14633
NRV,14615
GIP,14607
LVV,14600
DPP,14594
TVT,14575
CST,14571
DLN,14554
AEK,14553
GNP,14551
SFW,14538
LLN,14511
TPA,14507
VKG,14446
RGM,14415
VSD,14413
SVF,14390
LSQ,14387
TKN,14381
PPE,14373
SWE,14367
DEG,14364
TNQ,14361
VPY,14307
QVA,14295
PRN,14265
YEK,14254
RDK,14252
TQP,14251
RLQ,14218
YGA,14217
GFA,14191
QDY,14180
AQT,14160
TEN,14139
RQV,14131
EDE,14128
GHQ,14120
SFI,14107
PAD,14090
AVY,14067
TDN,14063
TLY,14056
QDE,14036
AWD,14036
QNE,14020
RMG,14018
GVH,14014
RDD,14005
VHE,13995
ERR,13993
LDY,13985
ESN,13980
LLP,13973
PAA,13965
RYS,13964
EVA,13956
IRA,13954
QAA,13931
VAN,13917
QVR,13902
TRV,13901
IGD,13899
SMT,13899
YGR,13898
FDE,13894
LTN,13889
VVR,13886
SVW,13880
GQK,13878
LGW,13857
PPQ,13852
VAY,13829
AIK,13817
KGD,13789
EAY,13765
FGD,13751
RLY,13734
GFQ,13708
WGP,13695
VVT,13690
ERQ,13678
LEV,13663
VFG,13649
MGL,13647
DGV,13639
DLL,13617
LVE,13613
RFS,13612
CAL,13611
PTL,13610
WDE,13608
SDW,13604
LYS,13595
MGE,13584
AFS,13565
AES,13560
EAT,13553
RRY,13540
YRA,13532
KGP,13518
ENY,13500
FSP,13494
PPN,13489
GHL,13486
TTP,13476
HSP,13476
ALQ,13466
TLD,13465
DDR,13460
LQP,13448
RQR,13443
AIA,13430
PDE,13430
WST,13373
IVG,13367
AVD,13353
VSA,13335
SQK,13330
VPR,13326
IDE,13325
PYS,13316
SDV,13313
QDQ,13297
EGI,13270
VLR,13261
LGH,13256
RLV,13254
ATV,13233
ENI,13229
TPQ,13226
LEP,13222
SWS,13207
YGS,13206
QSN,13194
SMR,13191
TIG,13185
DRI,13178
TSI,13174
CSP,13173
PQT,13161
RDH,13156
VPT,13144
LEE,13129
FEG,13127
QVL,13115
QAY,13098
QRD,13098
KSS,13092
AER,13069
NLA,13057
INY,13041
DSD,13025
LTQ,13025
YRE,13022
IEA,13007
EVS,12978
GNL,12975
GDF,12946
WEG,12941
KRE,12937
ESA,12919
VEL,12912
SHN,12901
RAK,12891
EGF,12878
LEL,12873
EAD,12870
GFL,12849
IRS,12836
DNT,12830
VRL,12821
FNQ,12819
PQR,12807
RWT,12783
ESE,12778
KEG,12772
AIP,12767
AMG,12746
LVQ,12732
ESL,12732
IEG,12728
QTY,12708
LSV,12701
TLL,12683
AEN,12677
QVT,12675
TSK,12663
VLN,12659
QRA,12657
DIG,12619
QSP,12605
EVR,12581
PQP,12578
AKT,12561
INQ,12550
PLY,12547
QDW,12543
RQF,12539
EIG,12533
YSA,12528
LPQ,12527
EAA,12525
KEQ,12514
VIG,12508
DET,12500
TYS,12494
NEA,12491
LLD,12484
YGN,12474
GKR,12470
EAP,12430
VQY,12423
GHP,12410
GRM,12410
LTL,12410
QRS,12397
SHQ,12395
TVA,12378
GDV,12376
PGF,12347
WSL,12345
EKG,12344
DPN,12341
PTQ,12316
SMN,12305
EAQ,12284
DTR,12273
AIQ,12264
GKQ,12255
QLN,12247
QSR,12246
AHG,12246
IRQ,12213
TYT,12201
QVP,12197
RAI,12192
HGE,12181
LYT,12169
LAI,12162
QVN,12152
GKY,12143
VDP,12137
QEL,12134
TFG,12129
RSV,12119
QYN,12111
EEK,12110
EQE,12101
TLP,12096
DRF,12096
AQR,12082
ITS,12078
EAN,12076
AAF,12053
PSQ,12053
EFG,12030
LGK,12026
LDN,12017
LPD,12013
DPQ,12012
LFS,11986
EYF,11984
LLE,11975
WSE,11970
GFP,11969
LDQ,11967
FVG,11958
YSL,11953
FSN,11950
LIS,11948
YSI,11946
IGP,11937
DLY,11933
KQF,11929
PAN,11924
LVD,11913
TTA,11904
DYS,11903
LNN,11885
WAS,11882
FRE,11866
KRT,11861
TVR,11853
TVY,11851
TSF,11851
TES,11838
EPS,11826
ANP,11820
PHE,11810
GVW,11807
ISL,11803
TTQ,11797
TPE,11795
DLP,11794
ERL,11793
KVG,11792
WDG,11784
QTN,11759
SDD,11753
FEA,11753
SFK,11727
PQA,11717
VAL,11712
LNP,11698
VVE,11696
RIT,11695
YNQ,11693
NPS,11692
VGI,11686
VAF,11673
EAE,11641
WTD,11628
NGR,11619
AWE,11616
PNG,11610
AWA,11593
VTN,11592
DPD,11587
FRA,11570
QYE,11568
TTL,11560
EGW,11551
TQT,11549
PAY,11539
GFF,11531
DKG,11525
PYT,11524
VPD,11520
SVH,11519
VAQ,11512
FNY,11508
MET,11494
TAQ,11490
NPT,11465
MGS,11445
HTQ,11437
VSL,11432
SDI,11430
RMN,11408
FGP,11388
GEI,11385
TNR,11384
HLG,11378
EVT,11375
PVA,11374
WRE,11373
GDD,11373
PVS,11363
PLQ,11350
VDY,11347
QPS,11323
MGA,11307
INS,11290
EEA,11287
QDA,11285
DLQ,11282
EQP,11280
AQH,11277
PAE,11274
PMG,11266
LPA,11261
MRG,11256
ELS,11254
IRR,11250
PGK,11233
HSN,11232
CTS,11223
ADP,11223
VYT,11222
QNS,11216
AGM,11212
VRV,11199
QEV,11198
QAD,11185
MGR,11184
QQY,11174
RHE,11172
AVP,11167
RQN,11157
QNY,11137
VEP,11126
QEP,11117
KGV,11117
KST,11112
ARF,11109
LWT,11106
AVQ,11104
LLL,11087
RQL,11081
SIK,11078
MSG,11074
AIY,11045
HGQ,11035
MDR,11029
PSV,11017
KYE,11007
YGL,11001
PGW,10996
REI,10996
EFF,10976
DFS,10969
TLQ,10957
QRN,10933
QDN,10921
TLE,10912
TEK,10900
SMA,10886
NPR,10875
VLD,10874
RIA,10864
DSV,10860
NRQ,10850
HQE,10832
LYR,10827
SQH,10826
FRQ,10814
AIL,10807
NGA,10793
DTT,10790
VVP,10754
SNA,10731
VAK,10727
LPN,10720
LVN,10720
FSR,10720
KLG,10717
PYR,10703
LLQ,10695
QLS,10692
VTT,10681
KTE,10670
TER,10668
TDP,10648
VRP,10645
HRT,10641
VPP,10638
AQS,10634
GMS,10632
PAP,10630
SQW,10628
PVR,10624
PPV,10622
GWR,10621
LYF,10620
GEF,10613
PTV,10606
GLW,10602
RYR,10593
ERN,10589
QTT,10577
QDV,10576
AVL,10569
YDR,10562
VNN,10549
KSY,10548
GPW,10540
DAS,10535
VSQ,10533
VGF,10526
AYR,10525
RWD,10523
IDG,10521
FNT,10516
AED,10486
PFS,10482
EPR,10477
RHG,10469
EPY,10466
PNN,10445
QQE,10443
PER,10432
VDN,10430
VVD,10415
MDT,10403
LQA,10402
PHG,10401
ADQ,10400
NNY,10397
ETR,10388
TQR,10379
NGN,10376
FET,10373
CSL,10362
NDR,10359
FTS,10346
GAM,10309
VLE,10291
GMD,10280
DLE,10275
ARW,10274
VPL,10262
RNP,10257
FNS,10250
VGK,10237
YSE,10233
ELR,10219
ERV,10216
WGV,10214
HNS,10211
DLD,10205
SYW,10184
EPT,10151
QRQ,10147
TRY,10100
TDL,10093
LQT,10093
LMN,10089
DSF,10082
DTN,10076
QTD,10076
HYN,10073
IKG,10068
TVL,10067
SHA,10066
QDF,10059
RIN,10054
VPN,10052
SND,10033
LTV,10029
AQA,10029
TNN,10026
ATI,10024
GDH,10018
PIS,10011
IGV,10003
TFS,9999
TAF,9993
ESQ,9989
QPT,9984
LDA,9972
LLY,9962
NGL,9959
EGH,9957
EGK,9951
SMS,9949
ELT,9936
FPS,9934
PVT,9929
QPN,9919
IRP,9914
ALH,9907
ETT,9907
TEE,9906
RIR,9905
KDG,9899
RIY,9897
VPE,9887
YRV,9882
YLA,9876
SKK,9864
ENQ,9864
QTE,9856
SII,9852
SMD,9851
SHY,9838
PAL,9826
IPS,9806
FRS,9800
LPE,9795
KLT,9784
AKE,9781
REF,9764
RAH,9758
LKT,9757
LED,9740
FDT,9732
EDP,9717
EDY,9703
AMN,9703
RKE,9702
QAE,9673
SNI,9667
PDP,9666
QRR,9657
AAV,9636
ETA,9627
ESD,9625
DYR,9625
KRD,9624
TWT,9615
SHD,9612
GIV,9606
PLV,9604
FSE,9586
VNG,9582
NPY,9581
QLT,9577
VAV,9571
APV,9558
AHT,9547
WTA,9544
QEN,9544
LHE,9542
YEG,9532
VDL,9532
ADL,9525
RNI,9517
TIS,9514
GNA,9505
FQP,9486
QRL,9484
GMA,9471
MTS,9463
DTL,9457
FGV,9456
MGN,9455
GQH,9442
QTR,9410
DRK,9408
ETN,9406
VDQ,9397
LEK,9390
RHT,9375
ALV,9369
LVY,9366
PWD,9364
AQD,9355
GYD,9352
VYS,9342
VVN,9330
TAV,9329
LIA,9328
HQG,9315
YGD,9299
VTA,9294
RFF,9282
TVP,9280
DWT,9276
QDI,9260
RSF,9258
GKV,9255
ATH,9246
RYF,9241
TVD,9241
TVE,9217
THE,9186
SYK,9179
LAW,9168
WSY,9162
SIF,9162
QEE,9154
FLS,9140
AEL,9138
AFY,9138
VTR,9132
RFT,9130
TNG,9129
HSS,9129
QYG,9113
FDG,9113
LFR,9112
DAR,9108
LRY,9102
THG,9090
RVF,9087
PRY,9086
DFR,9079
TKT,9076
GTW,9060
VPA,9060
ISQ,9059
QSL,9044
PQS,9036
WLA,9034
GMT,9009
RPV,8998
SYI,8998
PFF,8998
RKN,8987
QAQ,8984
HAG,8982
IQP,8977
QNI,8974
WVG,8973
DLV,8967
KDE,8965
AHS,8953
KPQ,8944
PDY,8943
AEP,8937
QPR,8932
LIR,8930
ILS,8923
EDL,8922
SKI,8920
FRR,8910
AYY,8908
AWK,8903
LHG,8897
AKR,8882
RKD,8868
RKL,8853
DAT,8821
LQR,8818
TYR,8806
HRA,8805
YRS,8788
KYF,8785
NRR,8783
GME,8780
SFH,8779
AHR,8768
PHR,8765
AIE,8761
HRE,8728
PNP,8715
AFT,8712
QAV,8709
AHN,8702
GWQ,8695
IPR,8693
QKG,8676
DTA,8655
LLV,8646
FPR,8640
MGY,8632
RKA,8627
QVE,8625
QVY,8619
SEM,8608
DDT,8608
YEA,8601
IPT,8584
KDS,8583
DIS,8583
VPQ,8582
ELN,8577
VGW,8566
PDN,8565
VGH,8565
QPY,8552
ERP,8549
AAK,8540
PKT,8539
KTD,8529
RVI,8529
RIQ,8521
PEE,8512
VVL,8506
QVV,8477
EVE,8467
RFR,8462
SNV,8461
AID,8460
AKD,8460
VLP,8456
QVD,8450
TSW,8450
VRY,8439
GYP,8410
WSD,8408
YET,8399
DDG,8399
RTF,8388
YRQ,8381
SDK,8379
ERY,8375
PKN,8366
ARH,8362
SIW,8358
ESV,8342
PDL,8329
GDK,8328
VLY,8321
QIG,8314
ENR,8307
LWA,8295
LWD,8294
QTA,8294
EVN,8294
YPS,8289
NRL,8282
IDS,8278
AFN,8276
NVG,8273
GSM,8273
QTP,8268
RQQ,8267
RFY,8259
TMG,8255
NLR,8249
WRT,8238
QWG,8237
TQA,8231
AQN,8220
VFS,8218
DPE,8211
STM,8205
GYL,8194
NSR,8190
HEK,8184
LEN,8177
ELY,8174
GYA,8171
SDH,8170
ILT,8165
ENG,8162
DHG,8140
GLM,8137
GKP,8087
PIR,8085
VNR,8077
MNE,8072
RLF,8069
LQS,8066
SVM,8063
VEN,8060
DVS,8047
AFR,8047
YVG,8043
YSD,8034
QQF,8026
VTP,8025
TQS,8025
DDE,8023
EPL,8019
RWE,8015
IRL,8011
PIA,7996
GFV,7994
TPV,7985
PQD,7978
INN,7962
GWY,7957
RYQ,7952
FWG,7949
RHS,7940
EYS,7936
QEK,7929
KYN,7927
TMN,7925
TEL,7923
PAQ,7923
TLH,7906
TFF,7904
RIP,7902
EER,7902
EYT,7901
YGP,7899
AKS,7892
REW,7890
EVY,7882
YDE,7879
FFG,7877
VMG,7871
GYF,7868
ITY,7864
RTI,7862
RKS,7858
LAH,7856
DAY,7853
ETP,7847
SWV,7845
DNR,7844
AYQ,7843
LIP,7830
WYE,7829
PVE,7828
YTS,7814
YPR,7811
YSV,7804
DRW,7801
RRI,7793
THR,7790
IPY,7785
GWV,7783
DTP,7782
LKA,7781
NEG,7780
FPT,7778
RAW,7774
DVR,7774
FSA,7773
QTL,7760
YPT,7753
QPL,7745
YRR,7726
FRL,7711
KAS,7702
HGA,7700
AEY,7686
VLL,7680
RHR,7672
DQR,7670
VVQ,7668
EMG,7664
LIT,7664
HGR,7661
DSI,7661
DKN,7652
PFR,7652
VQA,7650
RYY,7645
NPP,7635
HST,7635
GIH,7624
TED,7620
FLT,7620
LYQ,7616
RID,7612
IHE,7612
EPP,7601
IAS,7598
LDV,7597
GDW,7597
EVL,7592
VLQ,7591
QLR,7585
TVQ,7575
QSE,7573
VIS,7563
TDQ,7553
NLN,7550
EAV,7550
PAV,7549
ETL,7538
VQT,7537
VKN,7537
IRN,7533
WRD,7526
EDQ,7525
EEL,7523
TAK,7516
RKR,7504
VWT,7493
PEK,7493
PES,7490
DVA,7481
DSH,7479
DYY,7476
ATF,7459
THS,7459
QPP,7457
LQY,7452
PMN,7445
TEY,7426
RIL,7424
RNL,7422
WRA,7407
EVP,7398
DTF,7395
YSK,7390
DPV,7390
IAD,7390
QED,7388
VMN,7375
GEW,7370
YDG,7368
RVK,7367
ILR,7365
TNP,7363
RFN,7357
FLR,7344
EVD,7326
GMR,7324
LFP,7322
NTY,7310
WAD,7307
RSI,7305
FSD,7303
QNN,7294
NRN,7285
VHG,7282
SWN,7280
HPS,7275
DHE,7271
QSA,7269
GTM,7268
QRP,7264
FDS,7262
EIS,7261
MGD,7254
NPL,7253
SQM,7252
RDM,7252
AKA,7250
HGS,7247
YSQ,7243
APK,7236
SWQ,7221
LKE,7213
FPP,7207
VKT,7195
LSF,7190
SNK,7175
MSS,7166
VVY,7163
LSW,7157
ENN,7154
HGL,7152
TYY,7148
SMV,7144
RKQ,7137
TTV,7129
DFY,7126
IWG,7120
IAK,7117
QVQ,7114
RWA,7105
YLS,7088
THT,7087
ANL,7087
QLY,7086
PVD,7084
EEE,7077
VSV,7075
RIE,7070
WSN,7069
GND,7067
KQE,7066
TEP,7059
YGK,7055
NDE,7051
YPP,7047
FHE,7045
GPM,7044
TWD,7038
LKR,7031
IAE,7028
DMG,7024
DGI,7018
PHS,7015
WPG,7011
RPI,6991
WTR,6991
LFT,6974
SYH,6963
IPP,6960
HDR,6955
DWA,6952
CVS,6951
TFY,6929
SME,6924
TQD,6922
QIS,6914
VVV,6913
NSL,6909
PVL,6904
DQY,6901
TSH,6899
TQF,6897
AQF,6884
PIT,6881
MGP,6869
FSL,6858
RVH,6857
WTQ,6857
QRV,6852
QNQ,6846
KTY,6843
SFM,6840
KNS,6837
NSE,6831
HLA,6826
KRA,6824
DSK,6818
PVN,6811
GVM,6799
YNT,6796
DQT,6792
DIR,6791
PDQ,6791
FKG,6790
RVW,6789
GIF,6787
QNR,6774
DFT,6767
RHN,6765
KRQ,6754
YNY,6753
YDT,6752
PWE,6747
DAD,6739
VQF,6739
AVV,6737
EVQ,6737
PQL,6734
NGD,6731
LYP,6728
TEV,6720
CAP,6712
PED,6708
GQW,6706
PVP,6704
DAA,6697
FAS,6695
DAE,6685
ILN,6682
AKL,6669
LSI,6665
PKE,6653
DDS,6652
PQV,6649
NRP,6647
PYY,6637
HRV,6636
IAT,6623
TIT,6622
TQN,6621
TLV,6619
SKY,6613
EPN,6612
EYR,6603
DHR,6601
AFE,6594
DQA,6593
PYQ,6587
EDN,6585
EFS,6577
LGM,6575
NWG,6574
WNS,6571
PHT,6570
DNG,6570
TKE,6569
EWT,6569
TIR,6567
LQD,6556
NPD,6549
PIY,6545
VWD,6540
RSW,6535
LWE,6532
RPF,6526
HGN,6521
TAI,6520
DRH,6516
ARM,6516
DVT,6516
VQR,6512
WTP,6506
ELD,6505
AEV,6500
NGP,6498
QFG,6497
AQQ,6496
VFF,6488
KKG,6487
ITP,6483
DGF,6481
KFF,6459
YGV,6438
KSP,6438
QDH,6431
DGK,6427
LDI,6422
WAE,6420
FRP,6420
PFY,6419
HPR,6415
LVF,6414
FPY,6411
WRR,6411
IRV,6390
GNV,6380
TKR,6379
AQL,6379
GQM,6375
VDA,6373
DAN,6364
YLT,6354
API,6340
THN,6338
YRL,6333
PWA,6328
RSH,6327
RFE,6323
ELL,6323
LNL,6322
RRF,6316
MVG,6309
GEH,6290
SEH,6286
KYG,6282
QEI,6268
SIH,6259
FRV,6244
DWD,6243
WSQ,6230
ITR,6229
EES,6220
FPD,6217
KNY,6214
VKE,6207
INR,6192
FIG,6189
HPT,6188
FAD,6187
YLR,6186
FPL,6177
PRW,6160
QIN,6150
SWP,6147
VTL,6146
QEY,6144
PSW,6144
PFT,6143
MDE,6143
PRI,6137
EIY,6133
ELE,6129
LHT,6123
PPW,6119
NPN,6119
PEL,6115
TFT,6115
QLL,6113
QSQ,6112
QSD,6093
SNF,6085
PAF,6079
WRS,6078
PGM,6076
PKR,6074
TYQ,6069
AKP,6069
HRS,6066
NPA,6063
LHR,6056
PNL,6055
FAT,6050
EVV,6049
IIG,6048
PIP,6044
LKN,6044
NLY,6030
SWL,6030
FEK,6020
EPA,6015
ATW,6010
HNQ,6001
ALK,6000
PQQ,5995
FAE,5994
DSW,5991
LDF,5989
IPD,5988
PHN,5979
EKT,5976
RMT,5973
MEG,5970
DNN,5970
ETV,5950
ITT,5949
LIQ,5944
HRQ,5944
IAA,5933
AHY,5926
IPL,5901
GII,5901
LDW,5893
LEY,5890
IAN,5887
IFG,5885
VQS,5883
LKS,5881
HLS,5875
TRI,5870
CSI,5861
YRP,5861
LVW,5859
YFG,5850
ALF,5846
PYF,5844
QYS,5832
RLI,5831
ESI,5826
TDA,5825
WAN,5822
TFR,5818
FTY,5817
RFP,5814
IAR,5812
MPG,5810
AKQ,5809
GFH,5807
LHS,5806
QEW,5791
KEA,5791
SHV,5790
LNI,5787
TIN,5777
VLV,5774
TIA,5771
PSF,5770
LIY,5765
SML,5756
NDG,5755
PKA,5745
GHA,5737
AQV,5732
PEN,5720
APF,5718
KRS,5712
LQV,5710
PVY,5706
LFY,5705
NSD,5704
VWE,5703
LYY,5697
EAK,5691
MGV,5689
QRY,5688
DHS,5688
NPQ,5686
EPD,5685
TKA,5677
LWS,5665
GMV,5664
RQI,5652
QLD,5642
TQQ,5638
QDK,5637
NSA,5633
PIL,5628
VYR,5627
GMY,5625
SMP,5619
QQP,5617
QFS,5617
ING,5609
SKF,5602
RTH,5595
ITN,5592
HTS,5592
DIY,5590
QLP,5589
NKG,5583
QMN,5581
ELP,5580
AWI,5578
TIQ,5565
ELQ,5556
EIR,5554
EIA,5546
CAF,5539
QNG,5538
TQL,5535
WTV,5534
WAT,5530
PQN,5529
DAQ,5529
ANI,5518
RTK,5514
DIA,5513
PPF,5510
MDG,5509
CSE,5509
PEV,5506
FLD,5503
KEK,5501
VEY,5498
HGD,5493
GHD,5491
LIL,5487
LFA,5487
KAD,5484
WDN,5483
PIQ,5479
EFR,5478
VQD,5475
KAE,5472
DWR,5471
RKP,5467
DIT,5466
LPV,5461
RWS,5460
CYT,5454
NAE,5451
SNH,5447
GIK,5445
ILD,5444
RPW,5442
SKW,5440
VIA,5438
FLP,5436
QPD,5436
LIN,5418
TVV,5414
WAR,5403
VHT,5401
ADA,5398
TPF,5398
TKD,5394
WQP,5382
TFN,5380
FSQ,5369
ALI,5367
RRK,5367
PEP,5365
RSK,5363
RPH,5361
NLD,5358
RFD,5352
CAM,5347
APW,5344
WLG,5337
WYG,5328
EIT,5313
PVQ,5311
EQA,5311
FRN,5309
TRK,5309
QYT,5308
TKS,5286
APH,5286
EWD,5278
QVF,5274
AFP,5262
QIY,5258
LQQ,5257
IAY,5244
SNW,5243
DWS,5241
EYQ,5239
QMG,5235
VIT,5234
HLT,5232
YDS,5230
KAY,5229
LRF,5227
HRR,5227
RFL,5227
PRF,5227
DYQ,5221
DMN,5221
HLN,5218
IPN,5217
THY,5215
EWA,5211
PSI,5209
YAS,5208
NFG,5199
ELV,5192
AAI,5191
YWG,5188
QTV,5184
TPW,5183
YKG,5183
NGV,5174
IEK,5170
MYE,5170
PLF,5165
NIG,5161
QAI,5150
DFN,5150
NLQ,5144
ATM,5141
ESK,5139
QPA,5138
KSN,5137
MDS,5124
QDD,5123
QLQ,5105
WTT,5103
FYS,5102
KIG,5102
LMA,5102
EGM,5101
VFT,5098
VHN,5096
DAL,5091
PPI,5090
AHP,5090
PTF,5088
LWR,5084
IYT,5080
LKQ,5079
TKQ,5079
WEK,5078
MRE,5077
KAN,5070
IYS,5065
LQN,5063
LKD,5061
YSM,5060
ESW,5056
FPA,5055
TQH,5054
LQL,5053
YSF,5052
KSR,5050
WAA,5049
YPY,5049
YPL,5044
LVI,5044
LLF,5044
FNR,5030
GWL,5027
KGI,5020
SIM,5018
VTV,5016
KPS,5016
LEW,5015
NPE,5012
RHP,5009
GNF,5009
DDY,5006
WDY,5005
HET,5005
QEF,5003
DPK,5001
RPK,4997
SHI,4997
LHN,4988
EVF,4979
LRI,4976
PFE,4967
DVL,4965
DLF,4964
GNH,4960
IVS,4960
QIT,4959
NLL,4958
LFL,4956
LRW,4951
RWN,4949
YPD,4947
DVN,4944
HEG,4940
NHE,4935
KVA,4935
EFY,4931
DFP,4928
DHT,4926
LKL,4924
PVV,4920
RFA,4916
KAR,4915
FLN,4913
FNG,4908
IMN,4908
QLE,4898
EED,4895
ITA,4893
TPI,4890
WKG,4882
MAS,4881
TNL,4880
EQT,4878
VIN,4876
WNQ,4874
LEF,4874
IVA,4867
VFY,4866
PKS,4865
REH,4864
DFL,4864
CSF,4863
PIN,4858
KAT,4855
KRL,4848
DQS,4848
IPE,4843
TRF,4840
DLK,4839
HEA,4833
SHF,4830
VEI,4827
ITQ,4826
LSK,4825
NTN,4823
EEV,4821
PQF,4819
QAK,4817
YRN,4814
IDL,4813
LFE,4813
AMT,4813
QKN,4811
NSQ,4810
DER,4809
RRW,4807
RHY,4800
QQT,4792
LQF,4791
PKD,4790
DRM,4789
PDA,4788
MQG,4783
DGH,4781
LAM,4779
KGF,4779
ADI,4778
HRL,4777
WRQ,4776
ILP,4775
RMD,4773
AFD,4772
EYY,4770
PFP,4767
VFR,4765
LMT,4765
DTV,4764
GWP,4757
EIN,4757
RLK,4754
VYQ,4752
AYP,4748
YSW,4748
LSH,4747
DHN,4747
VIR,4739
PLI,4739
LIE,4738
IAP,4738
QKT,4737
LKP,4736
KTT,4734
KSE,4733
TIP,4733
ESF,4733
FYT,4729
AFL,4729
IDP,4725
CSD,4715
DIN,4712
MRT,4707
QLF,4705
FLE,4704
DYP,4699
PYP,4696
IPA,4694
FPE,4693
TPK,4692
LNA,4690
RFQ,4688
QVI,4685
KRR,4681
KDY,4678
PFN,4678
HPP,4674
KWG,4673
HNY,4672
VDV,4668
FTT,4667
PRK,4664
KPT,4664
DPF,4653
AHQ,4652
KNQ,4652
WQE,4652
HLR,4650
PHP,4642
VKA,4635
NLP,4630
VIY,4628
KTA,4627
WEA,4626
PPH,4624
DIL,4622
YAE,4621
NMN,4619
WGK,4611
LFN,4608
FAN,4607
HNT,4606
RYP,4606
IMG,4602
VWA,4601
WPQ,4600
VYY,4597
GKK,4596
PFL,4591
WGI,4590
MSY,4585
ERF,4585
DGW,4578
FMN,4577
VGM,4575
FTR,4571
EMN,4570
QNP,4570
MTD,4567
KVS,4562
DAP,4560
DPI,4549
GHF,4544
DVY,4544
EKE,4541
PMT,4539
QKL,4532
WSK,4529
ILY,4525
DLI,4525
NRY,4524
DAF,4522
PWR,4521
TSM,4519
FAR,4518
RWR,4517
RRH,4513
WRP,4512
DKT,4497
VHS,4493
VFN,4491
KTR,4490
NTR,4488
EFT,4487
SYM,4485
DYL,4484
FVS,4482
VEF,4479
YTY,4479
AFQ,4476
PPK,4468
WTL,4466
AVK,4462
AWV,4462
YLP,4448
TIL,4448
QSV,4446
TLK,4443
KPY,4441
AAH,4438
KQP,4438
DLW,4436
HSR,4433
PRH,4433
EEN,4433
VKD,4432
EHG,4432
TTF,4429
IQT,4422
PLK,4421
SHK,4417
IPQ,4415
ACS,4401
FLL,4400
CRA,4400
GKI,4399
FFS,4397
LFQ,4391
YTT,4382
LEI,4378
DKA,4377
WEL,4374
IDN,4369
AVF,4369
YTR,4368
VDI,4366
NLE,4364
RAM,4363
LDD,4359
PSK,4359
PLW,4358
PTI,4357
EKA,4350
TLF,4349
PIE,4349
VIQ,4348
VQN,4346
VFE,4346
KLS,4342
KNR,4342
YAT,4342
YIQ,4340
LYL,4333
ILE,4331
THP,4328
ILQ,4326
RLH,4326
WVA,4323
TWE,4321
KAA,4311
RNA,4311
IDY,4309
FPQ,4304
TRW,4298
TTI,4295
GKF,4288
TNA,4286
HGP,4282
FVA,4271
TQV,4265
DFA,4261
VNP,4256
QIR,4255
QPE,4253
AWQ,4252
YPA,4245
DVE,4238
TDI,4234
MTE,4229
FSV,4229
KKL,4227
WRL,4227
GFI,4227
MST,4226
FLQ,4223
PAK,4219
EIQ,4213
YLN,4211
LID,4205
YLD,4203
FWT,4201
HPY,4200
DPW,4195
PID,4187
AEI,4185
DWE,4185
TDF,4184
TAH,4181
ANA,4173
QQA,4169
VLF,4168
AII,4165
HTF,4165
VNI,4162
YNG,4162
EWE,4161
WDQ,4159
HPN,4155
PSH,4150
IVR,4126
HVG,4125
RHL,4125
GIW,4121
KVT,4119
WNR,4114
VEW,4114
ALW,4110
FYR,4106
NNR,4104
PKQ,4100
LVK,4096
RHQ,4093
EPE,4088
HPL,4087
MLG,4082
YYT,4081
DHY,4077
PKL,4075
FAA,4072
KAL,4070
TEI,4068
GHI,4067
QFY,4066
EEP,4065
WEE,4062
AIV,4059
DFQ,4059
QIA,4058
EKN,4053
HPD,4051
QQN,4047
REM,4047
FTP,4046
GEM,4043
TKL,4040
VQQ,4039
YHE,4038
VPV,4037
YPQ,4035
PHY,4034
DKS,4031
NAD,4024
SHH,4024
AMR,4019
VSF,4016
PYL,4012
WAQ,4010
WVS,4009
EWS,4009
RMA,4008
CAK,4006
HRN,4006
KPP,4003
VHR,4001
IQR,3994
CRG,3988
MEQ,3987
YAD,3984
FQT,3976
EQR,3976
TKP,3975
QVW,3975
TLI,3970
EEY,3969
SDM,3966
IQA,3964
PTW,3959
RTW,3956
TVF,3955
KPR,3955
IVT,3954
LRK,3953
YIG,3950
FMG,3945
SSC,3943
WSI,3942
WAP,3938
ADD,3938
GYV,3938
KVR,3934
IKT,3932
CAY,3926
KER,3926
QWT,3924
FPN,3918
AIM,3914
ISK,3904
DQD,3898
DVD,3890
WDP,3889
AMD,3880
YPE,3877
KAP,3877
FTQ,3876
DVQ,3874
KGW,3873
EWR,3872
KTN,3871
TTK,3862
IRY,3858
FTA,3853
GFK,3853
KRN,3852
FVT,3850
IDQ,3850
FAY,3848
NYR,3847
TPH,3845
LTI,3843
IFS,3841
FVR,3836
SHW,3835
FQR,3835
GHV,3832
VDD,3827
QFN,3825
DKR,3824
VQV,3822
NAY,3820
RQK,3819
WRN,3814
IGI,3813
VIE,3812
DQL,3809
IER,3808
YYS,3807
PWS,3806
AKV,3805
PHQ,3804
QSF,3803
FNN,3803
RYL,3801
FDY,3796
AHL,3795
ILL,3793
WRV,3793
RVM,3788
KGH,3787
LMS,3785
LWQ,3785
DIP,3782
EAW,3780
LYA,3777
EQS,3773
GYH,3773
TDD,3765
VKR,3759
AFA,3759
VKQ,3759
QDM,3754
QYR,3754
PHL,3753
KDN,3742
LKV,3741
WSF,3739
HDT,3736
TWA,3735
PFA,3735
IHG,3735
VKL,3734
PDI,3733
FQA,3733
IWT,3730
ENP,3730
EKR,3729
NTL,3728
IEE,3725
AMS,3724
WER,3723
NAN,3720
LRH,3715
RMS,3712
GHH,3710
VKS,3708
PKP,3708
KTP,3705
ADF,3705
WGF,3704
NNN,3703
EHT,3702
FER,3701
INP,3698
QAH,3695
YPN,3695
AYL,3694
DKE,3693
LDK,3686
HPA,3685
YLQ,3682
WAY,3678
YNR,3677
DQN,3675
KGK,3671
YTP,3669
RLW,3667
DQQ,3659
AYF,3659
TIE,3655
GNK,3653
RND,3651
AAW,3649
DNP,3648
KAQ,3648
KNG,3645
TFP,3642
GFW,3635
MRD,3632
TKY,3631
ERI,3630
FLY,3629
VWS,3624
CGS,3622
DEE,3618
QKE,3607
LTK,3601
WTN,3600
YAR,3599
LHP,3597
KRV,3597
FHG,3596
EDA,3595
HGV,3594
DFE,3594
RKY,3594
TVI,3591
IGK,3590
LVH,3589
WDL,3587
AVI,3587
FDN,3585
TMT,3584
PFD,3581
DDN,3581
TFL,3581
KEE,3579
PEY,3578
KLR,3575
TRH,3574
WVT,3573
PNI,3569
QYQ,3568
GYI,3567
MAD,3564
TYP,3563
FGI,3563
LFD,3560
GDM,3556
QIL,3548
ETF,3544
TID,3540
QFT,3539
LHY,3539
KSD,3538
LPF,3534
SWY,3534
SCR,3533
HRP,3532
KNN,3529
WQY,3528
AVH,3523
NNG,3518
IKN,3517
PNA,3517
EKQ,3516
VSH,3515
RKV,3515
EIP,3513
NTP,3512
WAF,3506
DNL,3505
QNL,3503
QAW,3501
TFE,3494
ACR,3494
TNI,3494
TVK,3493
QLV,3493
WES,3490
SMQ,3481
ADV,3480
EDI,3480
VIP,3476
MLA,3473
AKY,3472
PTK,3472
VQL,3470
LDH,3468
RWQ,3467
NTF,3464
KVE,3463
QIP,3462
KPL,3462
LLI,3461
EIL,3458
SKM,3458
AND,3456
FTN,3453
FEE,3451
WNG,3451
WYN,3450
PDV,3449
EHE,3444
VRF,3439
EQL,3438
IGF,3438
YLE,3431
LLK,3423
TDV,3421
NHG,3421
VRI,3420
VSI,3414
VID,3412
EAI,3410
IAL,3409
QYY,3409
CSY,3407
WGH,3405
VWN,3404
IYR,3403
KRP,3401
KSA,3399
QVK,3397
AIH,3395
DWN,3394
LLH,3393
FGF,3391
YMN,3390
HPQ,3389
VAI,3389
DQV,3389
AYD,3387
RYD,3385
IKE,3378
VSW,3377
THQ,3376
QIQ,3374
VYF,3373
KFG,3372
KKT,3367
WTY,3362
YQT,3362
HSE,3358
EQV,3354
NQR,3349
NYY,3348
DKQ,3346
PFQ,3345
QQR,3342
FAP,3340
THL,3339
YER,3338
EFN,3336
EHR,3336
VSK,3316
IAQ,3316
DLH,3311
AMA,3310
DVP,3305
HDG,3304
QQS,3303
VVF,3302
LMR,3299
LWV,3294
VRK,3293
YLL,3291
LTW,3287
HIQ,3286
CGG,3279
NER,3277
LPI,3277
RRM,3277
YYR,3273
ISF,3272
IIS,3268
VAW,3266
EVW,3261
KSL,3253
VDF,3252
LMD,3251
ITL,3250
EKY,3247
MAE,3243
CAE,3241
LLW,3241
HTT,3233
RIV,3230
IVN,3227
HSL,3226
VVW,3221
NFY,3220
TYL,3220
MRA,3217
VFP,3217
KLN,3212
FGK,3209
TLW,3204
FIS,3199
DDQ,3191
DKL,3190
YTI,3188
NAR,3187
MSN,3186
QHG,3185
ERW,3181
CSR,3181
IQD,3179
DAV,3179
TAW,3179
WNY,3178
FFR,3175
NGT,3172
WAL,3172
RSM,3170
NQA,3168
HSD,3157
SMI,3153
QWD,3152
FRY,3152
CEQ,3148
NTA,3145
DPH,3143
FTL,3142
YTA,3140
QHT,3140
FWD,3133
HTY,3133
YAY,3130
NSV,3126
LPK,3122
HDE,3122
EKS,3116
TFQ,3115
LWN,3115
FVE,3114
HSA,3114
ENL,3113
MRQ,3112
KDP,3111
DES,3111
IKA,3107
FDQ,3106
QRI,3104
TDK,3099
VDW,3095
QKA,3090
IQS,3090
HLD,3089
KPD,3088
NVR,3087
YTN,3087
QSI,3086
EIE,3085
EHY,3085
VVK,3084
VTF,3083
GNW,3083
KVN,3082
EFP,3079
AQK,3078
RME,3077
MNS,3076
WEN,3074
VFD,3073
GIM,3070
ADK,3069
IVE,3060
QTF,3059
TTH,3057
EPF,3056
QFR,3055
SWK,3054
AQI,3051
DTK,3049
HLY,3048
WVN,3046
EAH,3036
KLD,3035
DQF,3034
VWR,3030
AWM,3028
WVR,3028
LNV,3027
PDF,3027
SMK,3027
VPF,3023
LTH,3022
DHQ,3020
IES,3015
AKK,3014
QVH,3013
PTH,3012
TEF,3009
NDY,3005
EHS,3005
LPH,3001
DVV,3000
WIG,2997
QTI,2996
LHQ,2996
LIV,2989
HDS,2987
IGW,2987
YRY,2987
PMD,2986
IKR,2985
EDF,2984
FDP,2983
WVE,2982
VFA,2981
DWQ,2978
WQF,2977
PDW,2974
LSM,2973
DSM,2971
QHS,2968
AEF,2966
KTL,2966
YDY,2961
LPW,2960
GML,2960
YLY,2955
ESH,2955
IVP,2952
YFS,2951
EQD,2949
VDK,2949
TFD,2946
KES,2946
MYN,2945
KVD,2943
YVA,2942
QHN,2937
NQY,2936
YQR,2932
KTV,2931
HLL,2927
EDW,2926
IAV,2924
KDQ,2922
PMA,2920
NLS,2916
EFA,2905
RPM,2902
ISI,2899
EKD,2898
EFE,2889
RYA,2889
TWS,2889
NGS,2889
YAA,2889
RLM,2888
GWK,2888
IKD,2888
LWP,2882
EFL,2882
KIS,2878
KSQ,2877
VHY,2873
LFV,2872
NHR,2871
HWG,2869
YAP,2865
HTN,2861
IGH,2861
VNL,2859
SCP,2859
AWL,2858
PRM,2858
MTA,2858
YTL,2855
HPE,2855
RWV,2854
FLV,2854
KMG,2853
DKD,2849
DWV,2843
TTW,2836
NPV,2835
PWV,2833
FAQ,2833
NWD,2833
IAF,2832
IVD,2832
PKV,2832
ISW,2830
PAI,2830
QQD,2830
NMG,2828
NKN,2826
HLP,2824
SKH,2822
EPV,2821
QKS,2820
VFQ,2820
ERK,2818
PAW,2817
RTM,2812
DIE,2808
IWD,2805
HKG,2804
NRT,2802
DYA,2800
DTH,2799
RMR,2797
AVW,2795
NRS,2792
YAQ,2791
VLK,2791
DEL,2790
FQS,2787
DID,2781
HYT,2781
VAH,2781
KVY,2781
DHP,2781
TDH,2778
MSE,2777
WDI,2777
EID,2776
NEE,2773
YMG,2770
NAQ,2769
AIF,2768
EDV,2765
WSW,2760
EHN,2760
WPS,2759
YWT,2759
YVS,2758
KPN,2757
FNP,2753
IHN,2752
TVH,2752
MAY,2746
YEE,2742
TFA,2741
KVL,2741
MVA,2741
YNN,2741
NSS,2737
RQH,2737
SMW,2736
TYF,2736
DFD,2735
QKR,2733
NVA,2732
YHG,2727
YAN,2721
HAS,2721
ALM,2719
ESM,2715
SMY,2710
GHK,2709
FQY,2708
HYS,2699
MRS,2694
SWI,2690
DFF,2689
GFM,2687
KEL,2685
PWN,2682
FAL,2682
YVR,2679
GMQ,2679
IHR,2678
FVD,2677
APM,2677
TWN,2677
YQA,2676
VIL,2673
IIA,2671
TWR,2671
YGI,2670
IRK,2667
QQL,2666
AME,2660
ADH,2660
QPV,2659
VRW,2659
EWN,2657
FQD,2655
KLY,2652
FES,2652
PQI,2650
GKH,2649
GYK,2646
VVI,2645
DEN,2644
IED,2642
YDN,2642
ACG,2641
CAH,2640
KYT,2637
HTI,2633
VRH,2632
HTR,2631
NAA,2630
TAM,2628
EFQ,2626
NLV,2626
KVP,2625
PYA,2617
QRF,2617
FHR,2616
PNV,2616
VLH,2613
HLE,2613
ETK,2612
LWL,2610
HFG,2606
VWQ,2604
MNY,2603
PPM,2599
EEF,2595
NQD,2595
SCL,2594
HLQ,2589
HAT,2587
AYA,2587
VFL,2586
QQV,2586
GWI,2582
WED,2580
GMP,2578
MAT,2578
PMR,2576
KYS,2575
IHT,2574
VHQ,2573
RFV,2572
AIW,2569
LHL,2561
IHS,2561
EYP,2561
MWG,2561
PYD,2556
YDQ,2556
QSW,2551
LYD,2549
MQY,2546
EWQ,2544
NQQ,2541
EQN,2540
VMT,2538
FGH,2537
IFY,2533
MYG,2533
PDD,2532
ISH,2526
VTK,2526
LVM,2525
DDL,2524
QFL,2524
DED,2524
DHL,2524
VKP,2524
NDQ,2522
KLE,2521
LME,2515
EWV,2511
FIA,2509
NRI,2508
TNV,2507
VPK,2507
PDK,2502
MAA,2499
VPI,2498
QFP,2498
KLQ,2498
KED,2496
TRM,2494
FIR,2493
FVQ,2492
MTY,2492
HQT,2486
QHR,2486
CAQ,2482
KDL,2481
IVY,2480
CGT,2479
KWT,2479
KIA,2478
PLM,2478
TMD,2478
IYY,2476
WAV,2475
IKS,2472
RIF,2471
VPH,2470
NKQ,2466
NHN,2466
SCG,2465
MSR,2463
RNV,2459
ANK,2453
IFR,2450
PWQ,2449
SNM,2446
PSM,2440
QWA,2439
IIR,2438
YFR,2437
VLI,2437
WSH,2434
MKG,2434
VMD,2431
MAN,2430
PIV,2430
QHY,2429
KKE,2427
NFR,2427
FFT,2423
VYP,2423
TPM,2422
LNF,2419
WYF,2417
QIE,2416
DDP,2413
KVQ,2413
YDP,2413
FFP,2406
NDN,2404
QSH,2404
HSQ,2401
KPE,2401
LKY,2400
DGM,2397
ILV,2396
MGF,2396
EYL,2396
QLI,2394
EQQ,2390
ERH,2388
IVQ,2388
FWA,2387
HNR,2385
NVQ,2385
KQT,2383
KPA,2376
IKQ,2373
MGI,2373
LND,2371
IIT,2364
EMA,2362
QPF,2361
WVD,2359
LRM,2357
YVT,2351
IEN,2351
KLL,2349
IQN,2347
WKT,2345
NGI,2344
FVN,2344
EVI,2343
GKW,2343
NEL,2340
DMT,2339
GNM,2337
TYD,2334
WNN,2334
RNF,2333
AWY,2331
EVK,2330
DKP,2330
QWE,2329
FVP,2327
PEI,2326
NIY,2325
HMN,2323
EMT,2317
KEN,2316
ETI,2316
DMA,2315
KQA,2314
QSK,2313
IFT,2311
DLM,2310
PVF,2308
MAR,2308
DKY,2308
MEA,2308
KMN,2307
YSH,2307
ADW,2305
QID,2304
QEM,2303
FKT,2301
TQI,2298
KAV,2298
KRY,2297
QKD,2296
KIT,2294
TQK,2293
PMS,2292
MDY,2291
GMI,2285
KIR,2283
FGW,2283
HIG,2281
NIA,2278
RKI,2278
QKQ,2277
WEP,2274
HRY,2273
FED,2273
NKE,2272
WFF,2272
VHP,2271
IIY,2270
IKP,2268
DWL,2268
DFV,2267
GMK,2264
RWL,2263
YGF,2263
AKI,2259
VMA,2259
IVL,2257
QRK,2256
NVN,2255
MVS,2253
PND,2253
WGW,2251
QHE,2250
RIH,2250
IIN,2250
IQQ,2249
WNP,2242
VTI,2240
IEP,2240
WDA,2239
GWF,2237
YQS,2237
FWE,2236
TYA,2235
AEH,2231
RHD,2231
MIG,2229
PFV,2229
CTG,2222
MAQ,2222
EHF,2221
WGM,2221
INI,2220
TLM,2220
MGH,2216
KIY,2216
RHF,2212
WMG,2211
HTP,2210
FSF,2207
QMT,2201
WWG,2199
NIR,2198
KLP,2190
NAP,2189
LMV,2189
SAC,2189
TDW,2188
WQA,2186
FTF,2186
DEV,2184
RII,2182
PAH,2181
FFY,2180
TKV,2178
QEH,2176
HHE,2173
HAN,2173
TND,2172
NSF,2171
YVQ,2170
YHR,2168
IIQ,2167
QQQ,2167
AFV,2163
FPV,2163
MTQ,2163
PHA,2161
HAD,2160
RHA,2159
NFN,2159
MRR,2159
PKY,2154
FQQ,2153
LCY,2151
NYQ,2146
DAK,2146
VLW,2145
YQD,2144
VNA,2142
EKP,2140
MRN,2139
TMA,2134
AHD,2134
FVL,2130
LYV,2126
VVH,2124
ELI,2121
AAM,2120
YAL,2118
CPG,2118
ETH,2117
QVM,2114
MTR,2114
FDL,2114
FKN,2109
HFF,2109
RWP,2109
PHF,2108
SCS,2108
EFD,2106
NRF,2106
KAK,2102
NVE,2102
KYQ,2100
KYR,2098
YGH,2094
PQK,2092
ELW,2091
AHA,2090
QTK,2090
NAL,2089
FHT,2084
IRI,2084
QPI,2084
FHS,2084
WLS,2082
TMS,2076
NVY,2076
TEH,2076
AEW,2075
EVH,2075
KFS,2072
SMF,2072
MSP,2071
YWD,2071
YQQ,2071
KEV,2069
VPW,2065
RKK,2065
WQT,2064
IPV,2064
LDM,2061
FEP,2060
MVT,2058
YVE,2057
LEH,2056
PVW,2051
ANF,2050
KEP,2049
DMR,2047
IWE,2046
CSQ,2045
VKY,2044
YIS,2044
PQW,2044
QFE,2039
LQI,2037
NNP,2035
AWP,2034
FKA,2032
VYD,2030
HFS,2029
HNN,2027
YNP,2026
QTH,2025
KGM,2024
KWD,2021
HAR,2021
QKP,2019
YKE,2017
PEF,2017
YEL,2012
FKE,2011
IYQ,2011
FHN,2006
LEM,2005
EDD,2003
RWY,2000
IQV,1999
YLV,1996
MNQ,1994
KNP,1992
IWA,1992
LIF,1991
DWP,1990
VEM,1989
NLF,1988
PME,1988
WVQ,1987
EEW,1985
QYP,1984
NQN,1983
VMS,1982
QWS,1979
RMV,1978
ITV,1972
RQW,1972
ELK,1969
IDA,1969
VKV,1966
QYL,1964
KVV,1961
NPI,1959
DIV,1959
EKV,1958
IIP,1956
CAD,1955
PEW,1954
FEL,1953
WAK,1950
PVK,1948
IQF,1947
YFP,1946
LLM,1945
TVW,1945
DEP,1944
YPV,1942
EYA,1941
QAM,1938
YFT,1936
QWN,1936
RIK,1936
HQR,1935
MRL,1934
RKF,1932
FIT,1931
DKV,1930
ANH,1929
PWP,1929
KKA,1928
DYD,1927
CGA,1926
TMR,1926
FVY,1926
FSI,1926
FYQ,1925
VWV,1925
FKR,1924
PTM,1923
PNF,1922
MSA,1921
NPF,1918
DPM,1917
WYT,1915
HTL,1905
QRH,1905
PVI,1903
LQH,1900
QPK,1897
ILF,1893
DNA,1893
NSI,1892
QLK,1892
VDH,1891
FIP,1890
YES,1889
QFA,1887
MVE,1885
MTT,1884
RQM,1883
NDP,1882
NGK,1881
FEN,1881
TVM,1878
ACT,1877
FFE,1877
KIQ,1877
CRD,1877
GWH,1877
NTV,1875
VYL,1874
NPW,1869
HHG,1869
MQE,1868
GMF,1868
QFQ,1868
INL,1868
EPI,1867
NVD,1865
DMS,1863
MAF,1862
QPH,1861
WVP,1858
FTV,1855
WIS,1854
MGK,1854
LNW,1852
IFN,1852
FSW,1851
SWF,1850
HTA,1850
NYS,1849
CSH,1847
LMP,1842
HYR,1840
FQL,1840
IEL,1839
MVR,1838
QRW,1838
FYP,1837
CDS,1836
FYY,1835
ETW,1832
NWA,1830
NQL,1830
VTH,1829
MTV,1829
NHY,1828
QKY,1827
MEE,1825
KKR,1823
EDH,1822
SHM,1820
RFI,1818
YKN,1818
EIV,1816
NKA,1814
HWT,1812
WPR,1810
YDL,1809
FFL,1808
EHQ,1807
SWW,1807
CVR,1805
EMR,1805
KQD,1803
MDN,1803
HQA,1801
YHS,1799
HAE,1797
FAV,1797
PDH,1794
WRK,1792
VYA,1791
NKR,1791
VEH,1786
WFG,1786
KSV,1785
AVM,1785
ACP,1781
KKD,1781
EPH,1780
DTW,1779
FIQ,1777
WRY,1777
WLT,1776
HNG,1774
PIF,1771
HIS,1771
MFF,1771
EWL,1769
DEY,1767
EEI,1766
MPS,1765
THA,1765
EPK,1764
WQS,1764
YKQ,1763
KHE,1763
YED,1763
HQN,1762
LTM,1761
NEN,1761
IRF,1760
VME,1759
IQL,1758
FWR,1753
TKK,1752
EMS,1751
NGF,1751
MSD,1745
KEY,1745
YKT,1741
GKM,1740
AMV,1738
KDI,1737
NIN,1736
FEV,1731
YRI,1729
YAF,1729
CVC,1728
EFV,1727
RNH,1726
KLV,1725
NWE,1724
MVN,1721
EDK,1719
FWS,1716
WKR,1713
YYP,1711
NRK,1709
YGW,1705
WTK,1704
YIR,1704
KKQ,1703
HPV,1703
YFF,1702
PHD,1698
YVL,1698
IEV,1696
PWL,1696
GHW,1694
HQS,1689
EMD,1687
NED,1686
YHT,1686
HYF,1686
THD,1683
MTN,1681
WLR,1677
NEP,1676
MAP,1674
AFH,1674
WHE,1673
QTW,1671
WEV,1670
CSC,1670
QNA,1670
FFN,1667
FQV,1662
IFP,1662
HVS,1661
GYM,1660
NAF,1660
KFY,1660
CRV,1657
YHN,1655
MAL,1654
DYF,1654
EKF,1654
WVL,1653
GGC,1651
WDF,1651
VND,1650
ENA,1650
IPF,1649
WVY,1648
LIW,1646
PYV,1644
ELH,1643
KKN,1643
YVD,1642
WDK,1641
FFA,1641
YEP,1638
VHL,1637
FRF,1637
EPW,1637
WPP,1636
SMM,1635
GYW,1635
HSV,1635
QLH,1635
KDA,1633
WPY,1632
VRM,1631
MNG,1629
FRI,1629
KQR,1628
VNV,1626
TIV,1626
WPT,1624
YYY,1624
WKE,1624
WPE,1622
YWA,1621
FQN,1620
MNN,1617
TDM,1617
CRT,1616
LQK,1614
YVP,1613
FKQ,1612
MKT,1611
NVP,1610
HHR,1607
DWY,1600
YKA,1600
WIR,1599
HAA,1598
KHG,1597
YYQ,1597
FIN,1596
MNR,1596
ITF,1593
FAF,1592
FNL,1592
NIE,1592
WPD,1591
RNK,1590
FSH,1589
KQS,1589
WYQ,1589
FFQ,1587
YIA,1586
DQK,1586
RFH,1586
DIF,1585
FKD,1582
HHS,1580
DFK,1580
LHA,1578
NIL,1578
NDL,1575
IKL,1574
YVN,1574
VMR,1573
PII,1571
CGR,1570
MPQ,1570
AKF,1570
QWR,1569
NPK,1569
NSW,1568
IFE,1568
IID,1568
YQL,1567
QFD,1567
HDY,1566
HAY,1565
MTP,1565
GHM,1564
HER,1564
AQW,1563
WLE,1561
WLN,1559
WNL,1558
AFK,1557
WSM,1553
TTM,1553
NSH,1553
TQW,1550
NKD,1550
LKF,1549
QHQ,1547
DDA,1547
MRV,1545
DMD,1545
DHA,1543
RIW,1543
IVV,1542
MDQ,1541
DQI,1541
DNI,1538
TWV,1538
TEW,1538
FDA,1537
NLI,1535
HKN,1533
YTV,1531
HQD,1531
NRW,1531
WLD,1531
YQY,1530
NYT,1528
TME,1528
KTF,1526
NHP,1526
MSL,1526
QHP,1525
LKI,1525
HDN,1521
DAI,1520
YRF,1519
IMT,1518
FKS,1514
VSM,1513
TKI,1512
FIE,1510
IRW,1507
TIF,1505
LIK,1505
EHP,1505
LFW,1505
KYY,1503
HQY,1503
QPW,1503
WDV,1502
NDS,1498
MSQ,1498
YQN,1497
HGI,1495
DYV,1494
IHY,1493
KIE,1491
AYV,1488
NNL,1488
LML,1487
FLF,1487
DVW,1487
YRK,1483
MFG,1483
EYD,1482
VAM,1482
IIE,1480
ACL,1479
MER,1479
WRI,1478
NIP,1478
TNF,1478
IGM,1478
KIN,1477
LPM,1477
ERM,1476
WTF,1476
DVK,1474
MMG,1474
RNW,1474
PVH,1471
TWQ,1470
EWP,1467
MGW,1466
KQV,1466
FVV,1466
GMW,1465
VQI,1464
PNW,1463
SWM,1461
NGW,1461
YFY,1461
NGH,1458
PKI,1457
QKV,1453
INA,1452
VWP,1452
IWS,1452
CTD,1452
VQK,1450
IND,1449
IIL,1449
FPF,1446
KIP,1444
KFR,1443
CLG,1443
HVT,1442
NWR,1440
HAP,1439
AHF,1438
VTW,1436
IFF,1436
IRH,1433
HHT,1433
NFE,1432
VWY,1429
FSK,1427
HLV,1426
FWQ,1426
RMY,1426
TIK,1423
YAV,1423
MLT,1419
WMN,1419
VIV,1418
YPI,1417
LWY,1417
LKK,1417
MLS,1416
AYK,1416
ITK,1414
EHL,1414
VLM,1413
WKA,1413
PIK,1413
YKR,1412
AFI,1412
NPH,1411
YEN,1411
WQD,1410
NLK,1410
DNV,1409
AMY,1408
VDM,1408
EWY,1408
NSK,1408
KKS,1408
KWE,1408
NYP,1408
HKT,1407
FRK,1407
NFP,1406
SVC,1406
CRP,1406
IPI,1405
WIA,1403
LKW,1403
FIL,1403
FFD,1402
DVF,1400
ILK,1400
KFT,1399
WNI,1399
QNF,1397
IHP,1395
LII,1395
PMV,1393
TEM,1393
FGM,1393
CPS,1390
WPL,1390
IDI,1390
MYQ,1389
NFQ,1388
VFV,1386
FIY,1386
IFA,1386
YPK,1385
VQH,1384
VWL,1382
FID,1381
KHR,1381
WPA,1380
HVA,1380
MVD,1377
NLT,1377
ANW,1375
DFW,1373
NST,1373
PAM,1372
RMP,1372
HYY,1371
QMS,1369
LQW,1369
LIH,1368
PIH,1367
IWR,1366
NQV,1366
RFW,1365
HMG,1365
FRW,1364
WPN,1363
KID,1361
ACQ,1360
TFV,1360
EAM,1360
AMP,1359
HWD,1358
QLW,1356
HVR,1355
MRP,1354
WEY,1354
IHQ,1351
HDP,1351
WKS,1350
IEY,1348
SCT,1348
TNK,1348
KIL,1348
MVQ,1347
WQN,1346
NRH,1345
IPK,1344
QSM,1341
WQR,1339
PHV,1338
QIV,1338
LFI,1337
LMQ,1336
GWM,1336
MYT,1335
FFF,1334
TIH,1332
IMA,1331
RHI,1331
RML,1331
NLH,1330
KWA,1330
PNH,1328
EIF,1328
IPH,1324
SLC,1323
VHF,1323
EQI,1323
LNK,1322
NTS,1322
NHQ,1321
IFQ,1320
NQF,1320
YEV,1319
HFY,1319
GCT,1319
LNH,1317
NFL,1317
IYP,1316
CTF,1315
YVY,1314
RYI,1313
EME,1313
HFT,1311
PKK,1311
ATC,1310
DII,1310
NKL,1308
YIT,1307
MAV,1305
WYS,1301
GMH,1301
HRI,1300
HHN,1299
FPI,1298
THF,1297
NID,1297
KHT,1296
HVN,1294
YKD,1293
NYA,1293
WTI,1292
DIK,1291
MYF,1290
FYL,1287
PIW,1286
FHP,1283
YFA,1280
RYV,1279
EMV,1279
GWW,1274
MEN,1274
QRM,1273
RFK,1272
QHL,1271
NWN,1271
NYL,1269
WIP,1268
WKL,1268
YIP,1268
WDD,1267
IPW,1266
PDM,1266
IWN,1266
QLM,1265
IFD,1264
AEM,1263
WIT,1261
AYI,1261
KMT,1260
VVM,1260
ILH,1258
NAV,1258
MES,1256
EYV,1254
QMA,1254
QMD,1253
DAW,1252
PNK,1251
MDP,1250
AML,1250
HIT,1248
ISM,1246
YPF,1246
HAL,1245
CGY,1244
GSC,1243
KNL,1243
DVI,1242
HEE,1240
PFW,1239
HNP,1239
YFQ,1238
TII,1238
AHV,1237
KRI,1236
MIS,1236
FMT,1235
LHD,1235
MEK,1232
HGK,1229
EIW,1229
NKP,1227
QIF,1226
AYH,1226
SCF,1225
FPK,1223
IKV,1222
YFE,1222
YDA,1221
HQQ,1221
FHQ,1220
YWE,1218
ADM,1217
DQW,1217
MVY,1217
RIM,1217
RHV,1216
WKD,1216
NLW,1215
IMD,1214
AKW,1209
QQI,1208
SCE,1207
YQV,1206
ENV,1204
NFD,1203
IFL,1201
AHK,1196
KQN,1196
FQF,1196
FRH,1194
DYK,1194
FAK,1193
DYH,1193
DFH,1193
RMQ,1193
MTL,1193
KHN,1192
FLK,1190
FKP,1188
LFH,1188
HIR,1187
DND,1187
DTM,1186
PQM,1183
FLI,1181
DNF,1179
KHS,1179
MQP,1178
MRY,1178
PFI,1178
EQH,1176
YKS,1176
YNL,1175
FPH,1175
YWR,1174
FLH,1174
YFL,1174
PEH,1173
MLR,1172
QYA,1172
LFK,1171
KVF,1171
MPR,1171
PFH,1170
AFW,1170
PFK,1168
QWV,1167
QFV,1167
KQQ,1162
IDV,1162
FDI,1162
NFA,1160
WKQ,1160
PKF,1159
DAH,1158
GCY,1157
ILI,1157
HAQ,1156
QTM,1156
HPI,1155
DIW,1155
HGF,1155
EVM,1155
CYE,1154
YHP,1153
MDL,1153
MMN,1152
MLN,1152
AQM,1151
YRW,1151
CVT,1149
QND,1148
IDH,1148
TWP,1147
CNQ,1145
YFN,1144
RGC,1141
WKN,1140
YLF,1139
KDF,1139
HIA,1136
KSF,1135
FMA,1134
KQL,1133
DMV,1133
ENF,1132
DWK,1132
KDV,1130
AKH,1130
LYI,1129
NVV,1129
HPK,1127
WRF,1127
FHY,1125
DKF,1122
QYD,1122
TYV,1122
FMD,1122
ELM,1121
FNA,1120
DKK,1120
RKW,1119
CGV,1119
FLW,1118
HEN,1116
DIH,1115
IDD,1114
TNH,1113
DFI,1112
HRF,1109
IAI,1109
HFN,1109
QNV,1108
PYI,1108
MPY,1108
HKE,1108
DDI,1107
CSW,1106
GMM,1106
CQG,1105
KRF,1104
LYW,1102
SCQ,1102
FKL,1101
AHH,1100
DME,1099
PVM,1099
KKP,1098
RYH,1097
HQL,1097
MVL,1097
DQH,1096
YWS,1095
HVL,1094
QII,1093
WVV,1092
HDL,1091
QMR,1091
WQV,1091
HIN,1091
GCG,1090
KFN,1088
YIE,1087
NEV,1087
YNA,1083
CDR,1083
IRM,1081
MED,1081
VNF,1081
IDW,1080
HES,1080
NNA,1079
CRS,1078
HDQ,1078
PYK,1077
VKK,1077
KSW,1076
AHI,1076
YLK,1075
END,1075
NTK,1075
HIY,1074
ITI,1072
VPM,1071
PWY,1071
RYK,1071
HFR,1070
DKI,1068
CRL,1066
EIH,1064
YPH,1064
FEY,1063
HVD,1062
CRR,1059
YIY,1059
DYI,1058
TWL,1058
AMQ,1057
CNE,1054
HVE,1054
MDI,1053
MPT,1052
FWN,1051
QKI,1051
CSN,1051
IMS,1050
MQF,1048
VKF,1047
KWS,1045
TKF,1045
PKW,1042
VHA,1041
IDF,1041
FYF,1038
EFW,1037
FPW,1037
MEL,1037
MLD,1036
ACN,1036
YYL,1035
QWQ,1034
PML,1033
DMQ,1033
MEP,1032
LYK,1031
WLQ,1030
CVG,1029
KEF,1029
CPR,1029
YGM,1028
KTI,1027
IKY,1026
RNM,1026
MVP,1025
EYI,1024
NFS,1024
MAK,1024
PHI,1024
NYD,1024
WFS,1023
DEF,1022
HPF,1022
VYV,1022
MWT,1022
YLI,1020
YRH,1019
WYR,1017
NGM,1016
WAI,1016
VIF,1015
SWH,1015
HED,1014
YFD,1014
PHH,1013
VMV,1012
CTT,1011
KFE,1010
NEY,1007
FYA,1005
PMP,1005
ILW,1004
DDV,1003
WTH,1001
TYK,1001
PEM,1000
HSF,1000
KPV,998
VIH,998
DHD,997
MSV,996
KAI,995
CGQ,995
KFP,994
RHH,994
CGL,992
YQF,991
KPF,991
MHE,990
EIK,989
TNW,987
TQM,985
MPP,983
TFH,983
HTV,983
MYS,982
QGC,982
WLP,981
YIL,981
EII,981
AFM,980
MIA,979
TWY,975
SGC,974
HHY,974
QPM,974
ENW,974
FDV,972
YKL,971
IWQ,971
HSI,971
DVH,970
CSK,970
MPD,966
RKH,965
YIN,965
WWT,965
EKK,964
NEH,963
YPW,962
SCA,962
NRM,962
IMR,961
CYG,961
NHL,960
TFK,957
FWV,956
HKA,953
DWI,953
RFM,953
CDT,951
VFH,951
YHQ,950
HLF,950
VIK,949
LNM,948
KSI,948
DDD,945
CLA,943
QIH,941
MLE,941
NDA,938
AWF,938
VHD,938
IYL,937
MKE,936
AMK,935
FTI,935
KDD,935
HEL,935
QIK,933
KAH,933
WKP,931
HKR,930
YVV,929
MPL,928
HEP,927
RKM,927
DDF,927
HYQ,926
WIQ,926
KVW,926
WRW,925
HLI,925
FYD,924
WWE,923
DEI,923
ACA,922
EKI,921
YHY,920
GRC,919
KKY,918
HLK,916
FKV,914
MKN,913
IAW,913
CTA,911
AWW,910
EYK,909
KRK,909
TFI,909
HGW,909
LWK,908
LYH,907
YID,907
YKP,906
WIE,904
MGM,903
IAH,903
WQL,902
LMY,901
KNA,901
TGC,901
KRW,901
NAI,901
HRK,900
IHF,898
WHT,898
SCY,897
HLH,895
QME,895
KDW,895
KWR,893
NNI,891
IYD,890
DHF,890
THV,889
HPW,888
WQQ,886
VCY,885
AWH,884
NND,884
MKQ,884
KSH,883
NMD,883
IME,882
FHF,882
MIT,881
HVP,881
TMV,879
LHV,879
ANM,878
HVQ,878
EQK,878
GCE,877
HWE,876
TKW,876
DNK,875
HVY,874
YEY,874
IDK,872
GLC,872
HHP,872
YYF,871
HGH,870
FSM,870
ETM,869
EEH,869
SCD,868
MWE,868
NNT,868
FDD,868
RWK,867
FMS,867
RMI,867
ACE,867
WNA,866
KTK,866
KVK,865
RHK,864
DNH,864
KEI,862
VQW,861
TIW,861
MWD,860
CSM,860
KMD,860
VTM,858
NLM,858
KHY,857
HIP,857
KHF,857
WHG,857
YLW,857
NET,856
QQK,856
TMY,856
FFV,855
NNV,855
DHV,854
YYA,853
ITW,853
DDW,852
HNL,852
INV,851
RWI,851
WIN,851
TFW,851
PYH,850
LIM,850
THI,849
FHL,849
WWD,849
PHW,849
YMT,848
QKK,848
QWP,847
IVF,845
TYH,845
FWP,844
YND,844
MFS,843
VCS,843
HKS,842
NHS,841
NAK,840
THK,838
DNW,838
PHK,838
EDM,838
EFH,835
CFF,835
FNI,835
SMH,835
RWF,835
GCS,834
WRH,833
DEW,832
VKI,832
IYA,832
YMA,832
VII,832
SRC,828
NTH,828
YWQ,828
HAF,828
PNM,827
KAW,827
ITH,826
HYP,825
AGC,825
HKD,824
LMK,821
MIR,821
NFF,818
FMR,817
EFI,816
YLH,815
HIL,815
YAK,814
HRW,813
EMY,812
FNV,812
EPM,812
QNH,811
LQM,811
EFK,811
KDK,811
WLL,811
MLQ,809
MVV,809
VNK,808
CRE,808
IVW,808
IVK,808
PIM,807
IQH,806
WID,805
DML,803
KFL,803
MPN,801
FRM,801
YHL,800
SCV,799
KFQ,799
QWL,799
WKV,798
ACD,798
NKY,798
PMY,798
MAI,796
VNH,796
AKM,796
YYD,795
KKV,795
WLV,795
IHL,793
HHQ,792
HQV,792
FDF,791
NWT,790
HSK,789
MIY,788
MPA,788
FTK,787
PYW,787
NPM,785
PMQ,785
IWV,784
QKF,784
MEY,783
TMP,781
LFM,780
WDH,779
FND,778
TML,775
EHA,774
MQT,774
NWV,773
AMI,773
DYW,772
CRQ,771
DDK,771
WIY,771
THH,771
WLF,770
WIL,769
RYW,769
PWK,768
HFE,767
KVI,767
KTH,765
YDV,764
LWI,764
PKH,764
MKA,763
KFA,763
LWF,762
NIV,761
HKQ,760
WLY,759
IQK,759
DMY,758
KWN,757
TYI,757
YMD,756
KYP,756
CLR,755
MYR,755
ACK,755
WEF,754
VMY,754
ENK,753
YTK,752
FWL,752
EWK,751
CTP,748
FDK,748
MPE,747
HFP,747
NSM,745
HAV,745
MDA,745
WDW,744
NTW,742
KFD,742
EEM,740
FAI,739
WAH,738
NWQ,738
FEF,737
WVF,736
NDI,736
HWA,735
KMA,733
HQF,733
LKH,733
VCN,732
PFM,732
FVF,732
CQP,730
IEF,730
KLI,730
THW,729
CPP,729
YNV,728
IKK,728
VNW,728
MEV,727
YDI,725
KPI,725
KRH,724
CTR,723
NQK,722
MHT,721
DIM,721
KSK,720
FDW,719
CIS,719
NQH,719
HEV,718
EQW,718
LMW,716
VFW,716
ACY,716
RMF,715
FIV,715
HID,715
TKH,715
EML,714
EYW,712
HSW,710
KPH,710
EKW,709
AYW,709
YRM,709
WMT,708
KPW,707
VIW,706
CNG,704
QCF,703
MNI,703
VFK,703
YDD,703
NDK,702
QFI,701
CGE,701
MLY,701
DKW,699
NQI,699
KVH,699
LCA,698
RCY,696
LHI,695
KTW,694
DHI,694
PWI,693
CPT,692
NMA,692
ENH,692
WVK,691
QQH,689
MIN,689
FME,688
MQA,687
QHA,687
QNW,686
VYI,685
ARC,685
CTE,685
ILM,684
GCN,684
DHK,684
KEW,681
VMP,681
RMK,681
IWP,681
GAC,680
MKD,678
FQI,675
FTH,674
WFR,674
WEI,674
DFM,672
TIM,672
YKV,670
NDT,670
QMV,669
LMI,669
QIM,668
QFH,667
LWW,667
LKM,667
VFI,666
INK,666
YTH,664
DMP,664
YAI,662
IQI,662
SPC,662
NEI,661
HYL,661
KLK,660
NQS,660
VMQ,660
IVH,658
HFL,658
HHL,657
TMQ,657
FLM,656
WRM,655
HIE,654
NWS,653
CTV,652
QNK,652
AHW,650
RYM,650
IEI,650
HPH,649
NTT,648
QWY,648
FTW,647
QIW,646
FVK,646
IPM,646
YDW,643
NQT,643
HKP,642
MIQ,642
TNM,642
FEI,642
LMF,642
YWN,639
MIE,639
WTW,639
GVC,638
CEG,637
KHQ,636
VYH,635
NYF,635
DVM,634
MNP,633
HWR,633
MWA,632
EMQ,632
TFM,631
LHH,631
NKV,631
CVA,630
NAS,629
IEW,629
WFE,628
YWP,627
KPK,627
WHS,627
WMD,626
YMS,625
MKR,625
WMA,624
AIC,623
KWQ,623
KLH,623
PYM,622
EWI,621
EWF,621
QML,620
TYW,619
MLP,619
HWN,619
AYM,618
HDA,618
CTL,616
KND,616
DEH,616
YTW,616
IFV,615
HLW,615
YWV,612
RCG,612
WMR,612
HFQ,610
KHP,610
EMP,609
WFT,607
ACH,605
HHF,605
MDF,605
NVS,604
INF,604
KYL,604
TMK,602
FQK,601
IIV,601
EYH,600
MHG,600
RHW,599
WWA,599
SCN,598
FPM,598
HFD,598
VHV,598
QMY,597
VYK,597
MLL,596
RWW,596
CLT,596
HGM,595
WMS,595
FVW,595
VML,594
NKK,594
RSC,594
NDD,594
YDK,593
HKL,593
NNK,593
CLS,593
CGP,593
NEF,592
LYM,592
HMT,590
DWF,590
FKY,590
YPM,588
PMI,588
KLW,588
KIV,587
GCR,587
NVK,586
DKH,586
HQH,585
FAW,584
YQI,584
QHD,583
EIM,582
NIS,580
YLM,579
KMS,579
TKM,578
IVI,577
YFV,577
RMW,577
QFK,577
MTF,576
YDF,576
NDV,576
HRH,575
HWS,574
NFV,574
KWV,574
QQW,574
PKM,572
VWK,572
WND,572
DAM,572
KDH,572
QMP,571
ITM,571
DHW,571
MSF,570
INH,570
MKS,569
DDH,569
FQH,568
DQM,567
SCW,567
FAH,567
HNA,565
TWK,564
FYV,563
WTM,562
EHD,562
EMF,561
IHD,559
NMR,559
NWP,557
IKI,553
WYY,552
NTM,552
YQK,552
MFR,549
NII,549
VWF,548
FVI,548
YEH,547
TYM,547
HPM,547
VKW,546
HFA,546
NVW,545
VQM,545
LCG,545
IHA,543
WPV,542
CPL,542
QNM,540
HRM,539
CGD,538
HVV,538
IWL,537
MLV,537
WNV,537
HEY,536
PMK,535
NHA,535
MDV,535
CKG,535
DHH,534
NMQ,532
MID,532
AMW,532
KIF,531
WDM,531
YNI,530
HSH,530
KKK,530
VKH,530
WKK,529
YMR,529
NVI,528
KMR,528
CVV,528
SCI,527
KQI,522
WAW,522
FCA,521
MFT,521
TCG,520
YEI,520
WWR,519
IKF,519
CGN,518
NWY,518
MQR,517
WVI,517
QYH,516
WME,515
DYM,515
EWW,515
FVH,515
VNM,514
KYD,514
WHR,513
VCG,511
FEW,511
MVF,510
LHK,510
IIF,509
VHI,509
HTK,509
WHN,508
NDW,508
HLM,508
YEF,508
YME,506
INW,506
YAW,506
NAW,506
GPC,506
KME,505
FHD,504
QYI,504
MIP,504
FHA,502
WKY,502
NWL,501
FYI,501
RHM,501
LHW,500
KRM,499
NYV,496
KNV,495
RWH,495
QFW,494
ACI,494
SCK,494
MYY,493
AMF,493
LCS,492
IMV,492
NVF,492
WAM,491
NME,490
MQD,490
MQS,490
IIH,489
FNF,489
PWW,488
QFM,488
MMT,487
FWY,487
MWS,486
NHD,486
KYA,485
PWF,485
YIF,485
VFM,484
WNK,484
WFN,484
CTI,482
VIM,482
MIL,482
EFM,482
QKH,482
MFY,481
EYM,481
YEW,481
NIK,481
DWW,480
MSI,480
TCS,480
EMW,479
HQI,479
WFY,477
FMV,474
YVK,474
RLC,474
IWY,473
YKY,473
NDF,472
DNM,471
LLC,471
YNK,470
CDG,470
EQC,470
KHL,469
DMI,469
WWS,469
TMI,467
MWN,466
VCR,466
MMA,466
HAK,466
YLC,464
YQH,463
YWL,462
NKI,462
AHM,462
NQW,462
NES,461
TWI,460
VYW,460
GTC,459
MRK,459
SQC,459
MRI,458
EKH,458
IIK,458
YNF,457
IQW,457
VHH,456
IMP,456
LWH,453
QKW,452
MRF,452
MWQ,452
YHA,451
RMM,451
CIG,449
KNF,447
KSM,447
WQI,447
WHF,446
YYV,446
YVW,446
QQM,446
PHM,446
FFH,446
PMW,446
IEH,445
MNL,445
VCE,445
QMQ,444
EHI,444
HYA,444
RWM,444
FIF,443
FFI,442
MMD,442
HDI,442
CWG,442
MFN,442
YHD,442
MFE,441
CVL,441
YVF,440
FIK,440
IYV,440
FDH,439
CET,438
FQW,438
QYK,437
ENM,436
WNF,436
HYD,436
NVH,435
MEF,435
NIH,434
CPD,433
NEW,433
HSM,432
YAH,431
DWH,431
NKT,431
NIF,430
IDM,430
DMK,430
RDC,429
RCS,429
MWR,429
AWC,429
NAT,428
KKF,427
CVI,427
LGC,427
MKL,426
VHK,426
MNA,425
FFW,424
YIV,424
PCG,424
KFV,423
NAH,423
ACV,423
WQK,423
HQK,422
CLP,422
FII,421
NYK,420
KWP,420
EMI,420
NKS,419
RCT,419
QMI,419
HMD,418
MSK,418
YDH,416
KKI,416
EQM,415
NNF,415
HKV,415
EHV,414
WVW,413
MTK,413
SFC,412
VMK,412
SEC,412
WFA,411
HKY,411
CGI,411
MSW,411
RVC,409
KEH,409
CNR,409
MTI,409
LMM,408
KWL,408
WEW,407
RCR,406
SKC,406
WWQ,405
KLM,405
HDV,405
RRC,405
VCT,404
PMF,403
KIK,403
HND,402
IIW,402
STC,401
FNW,401
III,401
IFH,401
KVM,399
EKM,399
HDD,399
KDM,398
WVH,398
RCE,397
QHV,397
EMK,395
QKM,395
VWI,395
MDD,395
WEH,394
SCH,394
QWI,392
NFH,391
HAI,391
WPK,390
CPA,390
FIH,389
KIH,389
DRC,389
SDC,389
ECY,389
LWM,389
FFK,388
WFP,388
HTW,388
FTM,387
WFQ,386
WIK,386
VWW,386
DKM,384
WWN,384
MKP,384
PGC,384
ELC,383
FMP,383
EWH,383
MDK,383
VWH,383
MDW,382
HDF,382
PWM,382
MHS,381
IKW,381
CQR,380
YFW,380
KTM,380
IAM,379
FKF,379
WLH,377
CRI,377
NHF,377
KII,374
GDC,374
KNK,374
DWM,374
QHH,374
ICY,373
NKF,372
KWY,371
CER,370
TWF,370
TCR,369
GCA,368
SIC,368
QHI,367
GCP,367
MHR,367
MRH,366
DEM,366
HNI,366
CYN,366
MAH,365
KNM,365
MPV,365
KQK,365
FKI,365
MQQ,364
YVI,364
WKF,364
IMQ,364
WHQ,364
MVK,363
NYI,362
FEH,361
THM,361
CNS,361
NFI,360
VMI,360
FKK,360
MVW,360
WFD,359
NNW,359
WPF,359
EGC,358
YHF,358
AMM,357
MQN,357
CLL,357
CQE,357
WIV,356
MSH,356
GCL,355
VKM,355
WMV,355
NFK,355
MFQ,354
GCD,354
FIW,353
HMA,353
FNK,353
HDW,352
AMH,351
MFA,351
IVM,351
YTM,351
YFC,351
NFW,350
QYM,350
DMW,350
GCQ,350
HEI,349
WLK,348
CVP,348
EHH,348
NML,348
KAM,347
DDM,347
FMQ,347
MRW,347
KNW,347
WEM,347
MLF,347
CEK,346
WKI,346
IFW,344
TSC,343
ICS,343
HTH,342
RAC,341
YQW,341
MVI,340
GQC,339
GEC,339
NIW,339
CTC,338
CTQ,338
FYK,337
HMS,337
DLC,337
ACF,336
HDK,336
MHN,336
FAM,335
REC,335
CEA,333
TWW,333
KEM,331
VYM,330
IML,330
FML,330
TMW,330
HNV,328
NYH,328
WYP,328
CPQ,328
NMV,327
LAC,327
QWK,327
VMF,327
HWQ,326
ACW,326
PMM,326
NFT,326
MAW,326
PWH,326
RMH,325
CRN,325
MKV,325
NHT,325
WHY,324
KIW,322
KKW,322
YKF,321
YVH,321
CFG,320
MYL,320
NVT,318
ALC,318
KMV,317
HHD,317
LCE,316
FVM,315
HHA,315
VMW,315
CPY,314
QYW,314
LMH,314
DSC,313
VGC,313
YKI,313
MVH,312
MKY,311
VCL,311
CQT,311
HIV,310
IKH,310
YMV,310
NEM,310
FDM,310
YKK,310
DHM,309
PCE,308
NDM,308
HMR,308
NNH,308
NDH,307
WNH,307
CHR,307
HFV,306
IFK,306
MFD,306
NVM,306
DCG,305
IYI,305
VHW,304
IYH,304
DCY,304
WVM,304
DMF,303
MQV,302
SYC,302
HWV,302
TMF,302
WPH,301
MMS,301
LCR,301
TCP,299
IMY,299
MME,299
KQH,299
IYK,299
MTW,298
YFK,298
CYR,297
IQM,296
HEF,296
CIA,295
EHW,295
YCY,295
IEM,295
CLV,295
QMK,295
PLC,294
FNH,294
CDE,294
CYS,294
KPM,294
QWF,294
YYK,293
MFP,292
WPI,292
YNW,292
YFH,292
LHM,291
MFL,291
MTH,291
YFI,290
FYH,289
CLD,289
WYD,289
HNF,289
TQC,288
NCF,287
HTM,287
RCL,287
IHH,286
PCS,286
LCT,286
FYW,286
KQW,285
RCN,285
HAW,285
NHI,285
KHA,284
CGW,284
HVK,284
MMR,284
PCY,284
NAM,284
EHK,283
YAM,283
IKM,283
NHV,283
WYA,283
WLI,283
NQM,282
TMM,282
EWM,281
NMY,281
WFL,281
IFI,279
KYV,279
YIK,279
WHP,279
ACC,279
FHV,277
HVI,277
LVC,276
WIF,275
KHD,274
KNH,273
MPF,273
NKW,273
HIF,273
RCP,273
WNW,272
QHK,272
IMK,272
CLE,272
MWV,271
MKK,271
GIC,271
MQL,270
CLQ,269
HME,268
HVF,268
FEM,267
FQM,267
CNA,267
INM,267
MEI,267
NWK,267
WMP,267
FMK,266
TWM,266
NFM,266
SNC,265
AAC,264
WKW,264
CPE,263
CFS,262
MHF,262
CCA,262
KMY,261
IWK,261
PPC,260
VLC,260
YWY,260
YNH,258
LCP,257
CTN,257
TCE,257
FKW,257
TCY,257
IHI,257
MDH,256
HKK,256
FFM,256
CIP,256
FHI,256
KFH,255
CGC,255
CNT,255
CIL,253
WHL,253
VCP,253
KFW,251
HWP,251
KYI,250
ECG,249
KNC,249
MYP,249
FMY,249
YDM,249
PCR,249
GCF,249
YIH,248
HNK,248
TWH,247
CRK,247
LCL,247
FWF,247
IHV,246
CQQ,246
LRC,245
YHV,245
CHP,245
YYI,245
PRC,245
LSC,245
NIM,244
CWT,244
CKT,244
WWV,244
PCT,243
HKI,243
KGC,242
YIW,241
CGF,240
TRC,240
CCG,240
RTC,239
YGC,238
HEW,238
RPC,238
GFC,237
QMF,237
SCC,237
CQS,236
HYV,236
YYH,236
NIT,235
MIV,235
NMP,234
YMQ,232
WQH,232
KML,232
MLH,232
MYA,232
VWM,231
CTY,230
CHG,230
ICG,230
KFI,229
NHH,229
LCQ,229
YMP,228
MHQ,228
CNP,228
NNM,228
TCT,227
MND,227
MHY,226
IWF,226
MEW,226
YQM,224
DMH,224
FCG,223
DCS,223
CRF,223
CVE,222
KMP,222
YKW,222
YII,222
DCT,222
TPC,222
CQA,222
CVN,221
FWK,221
CMG,221
IFM,221
HII,221
QMM,221
TCL,220
KFK,219
IHK,219
HQW,219
HFK,218
CDP,218
QHW,218
YYW,218
VSC,218
QLC,218
HEH,216
HIK,216
CPN,216
CES,216
DCR,216
NHK,215
NYW,215
WML,215
QMW,215
CEL,215
FWI,215
WIH,215
PCP,214
AVC,214
RCA,214
CPV,214
PSC,213
MWL,213
NHW,213
VCA,212
KMQ,211
APC,210
WWL,210
CRW,210
YVM,209
WWP,209
CGK,209
FIM,209
NWI,208
WFV,208
CVQ,207
MNV,207
EMM,207
TMH,206
VCI,206
QHM,206
WQM,206
NYM,205
TLC,204
GCV,204
FNM,204
HHI,204
HWL,204
QSC,204
VCD,204
MLK,203
RCQ,203
PMH,202
VHM,202
IIM,202
QDC,201
FHH,201
WNM,201
KIM,201
YHH,201
MPH,201
YML,200
WYL,200
NKH,200
FYM,199
DGC,199
HVW,199
HKF,199
VMH,198
DMM,198
VMM,197
RCD,197
WIW,197
MLI,197
YEM,196
WMQ,196
DCE,196
NKM,196
LPC,195
MSM,195
ILC,195
YIC,194
NCG,194
CIT,193
CKR,192
HFI,192
CRY,191
VCQ,191
FHK,191
FKH,191
CLN,190
CWD,190
MPI,190
QWH,189
VVC,189
MIF,189
QWW,189
MPW,189
IYW,189
MEH,188
YHI,188
MMV,187
HWY,187
NWF,187
LCD,187
WLW,187
CNL,187
WPW,187
ECR,186
YWK,186
CVY,185
IYM,184
MWP,183
YFM,183
LCN,183
KWI,183
WII,183
CIR,183
KQM,182
VRC,182
MNF,182
KKM,181
YHK,181
MRM,180
KKH,179
ICL,179
EHM,178
CFR,178
KHI,178
HQM,178
MWY,178
ECE,178
KYK,178
MLW,177
ECT,177
LCF,177
EMH,177
CDL,177
TVC,176
CHE,176
KHH,176
SCM,176
HYK,176
CPI,175
CGH,174
ICE,174
WLM,173
CDI,173
HAH,173
NWW,172
HDH,172
TCD,172
KWK,172
HIH,172
GNC,172
PCL,172
WMK,171
HHV,171
CPW,171
CKA,171
WCY,170
HMV,170
KYH,170
QWM,170
WWY,170
CNV,170
CVD,169
IWI,169
QCG,169
CLF,169
MPK,169
FCE,169
HNW,168
RCF,168
WPM,167
YWI,167
CLY,167
CIV,166
FMI,165
DCN,165
KHV,165
CNW,165
ICR,164
PCI,164
CHS,164
MTM,163
HHK,162
CVW,162
CPK,162
ACM,162
YYM,162
MDM,162
YNM,161
MCY,161
IMI,161
FWW,160
CVF,160
DVC,160
KCG,160
MFV,160
MMQ,159
MKF,159
ICP,159
PCN,158
SHC,158
CTW,158
CPF,158
GYC,157
CCS,157
KWF,157
CTK,156
MAM,156
HAM,155
YMY,155
MYD,155
PTC,155
HYI,155
GCC,155
YVC,154
CQD,154
CYF,154
CCL,154
WCR,154
IHW,153
WMY,153
KFM,153
RIC,153
ESC,153
MVM,153
RCV,153
FWH,153
CNY,152
QVC,152
WKH,152
CLC,152
FMW,151
FHW,151
NMI,151
FKM,150
MIH,149
QCR,149
GWC,149
WKM,148
KYW,147
KMF,147
ADC,147
HFH,147
CHT,147
CFP,145
TAC,145
NMK,145
HHH,144
HDM,144
IMF,144
CKP,143
NWM,143
HNM,143
IWH,143
PVC,143
CEE,142
HMP,142
KLC,142
NMS,142
ERC,142
CKS,141
WYV,141
WQW,140
IWW,140
YKH,140
YIM,140
CLK,140
IMW,139
CQV,139
PCD,139
CQL,139
CRC,139
NVC,138
QPC,138
MIW,138
PIC,138
HVM,137
GCH,137
KMK,137
CFL,136
VCV,136
YCG,136
MHP,135
FMF,135
YWF,135
CED,135
CDQ,135
YMK,134
KCR,134
MKI,134
GKC,134
YKM,133
CKE,132
CFT,132
HFW,132
WHA,131
ICT,131
HKW,131
HVH,131
CWA,130
DCP,130
NMT,130
VEC,130
CLI,130
WGC,130
HIW,130
GCI,129
YHW,129
FCR,129
HIM,129
QMH,128
ECS,128
VCF,128
TCN,128
KVC,128
CKQ,127
CRH,127
LTC,127
GHC,127
CEP,127
CIQ,126
ANC,126
CRM,126
LDC,126
MIK,126
CKD,125
NGC,124
KMI,124
LEC,124
KHK,123
CLW,122
MQK,122
WCG,122
VCC,121
GCK,121
FWM,121
WHD,121
MYV,121
CDN,121
TDC,120
CKL,120
CEV,119
FCT,119
DIC,119
MMP,119
TCQ,119
IGC,118
CDA,118
WHH,118
NCR,118
FCY,118
CGM,118
DCL,118
FLC,117
NMF,117
MEM,117
NWH,117
NHM,117
CPH,117
EVC,117
HKM,116
DPC,116
VAC,116
HML,116
TEC,116
PCA,116
HNH,116
RQC,116
WFK,115
WMI,115
CDC,115
CWR,115
HEM,115
KWW,115
HFM,115
ECN,114
TCA,114
QCT,114
ICD,114
QRC,114
AEC,114
MML,114
QAC,113
QCP,113
VPC,113
WYI,113
WFH,113
CTH,113
HYW,113
CCR,112
CVK,112
RFC,112
MQI,112
KMW,112
ICV,112
LCV,112
PAC,111
NCE,111
MLM,111
HYM,111
MMY,110
QCY,110
ECP,110
QEC,110
IWM,110
LIC,109
WIM,109
NRC,108
FCL,108
YSC,108
KYM,108
RCI,107
CCE,107
ICN,107
FHM,107
KHW,107
MNK,106
FGC,106
PDC,106
EAC,106
MNW,106
IHM,106
ISC,106
VYC,106
HMY,105
QCS,105
MKH,105
HYH,105
TTC,104
NCS,104
HMQ,104
NMW,103
MHL,102
CYP,102
KRC,102
GCW,102
DFC,101
EEC,101
YMI,101
WCP,101
MNH,101
WHI,101
HHW,100
YMW,100
CKV,100
FCS,100
HWK,100
CDY,100
IMM,99
YWW,99
FCN,99
CFY,99
MYI,98
WYK,98
CQY,98
PCF,98
QCN,98
CCP,98
AFC,98
LYC,97
YWM,97
MKW,97
PCQ,97
CCY,97
CCT,97
VFC,96
MFH,96
HWI,96
HLC,96
DCD,96
KWH,96
CIY,96
KCP,95
EDC,94
NLC,94
ECQ,94
CPC,94
GMC,94
CEH,93
YCS,93
CWE,93
CKN,92
PCV,92
QCE,92
WMF,92
YWH,92
KCE,91
VDC,91
TCV,91
MII,91
WMW,91
CYL,91
WCT,91
SWC,91
HKH,90
WWF,90
CQN,90
CHQ,89
DAC,89
AYC,89
WWK,89
IRC,88
WCE,88
LCI,88
MWK,88
KDC,88
PFC,87
FRC,87
WFI,87
FPC,87
DCQ,86
YCE,86
KCS,86
MFW,86
IMH,86
MHA,85
CFA,85
YCR,85
CMT,85
FMM,84
WFW,84
AQC,84
ECF,84
ECL,84
RKC,84
YHM,83
CYQ,83
EPC,83
KAC,83
HCG,83
FSC,83
KWM,83
YRC,82
CIN,82
ICQ,82
WCS,82
HMI,81
MQH,81
MPM,81
LQC,81
CDF,81
CYA,80
CMA,80
RYC,80
CYY,80
CNN,80
LCW,80
CDK,79
CDV,79
CDW,78
PEC,78
MFI,78
CTM,78
YMF,78
VCK,77
FCP,77
TCF,77
CIF,77
WHV,77
TIC,77
DTC,77
YCD,77
KCT,77
CKK,77
ICF,77
LFC,76
QCL,76
KCY,76
DCA,76
NCY,76
MMF,76
CHF,76
WYH,76
HMK,76
CIE,75
MWF,75
RCC,75
NCT,75
RNC,75
FMH,74
CQF,74
YCT,74
VIC,73
SMC,73
CWS,73
DYC,73
MNM,72
RCH,72
TYC,72
MQW,72
CVH,71
NCL,71
CHL,71
MFK,71
LCC,71
PCW,71
CWQ,71
EIC,70
TFC,70
HHM,70
CCV,70
NMM,70
YCP,70
RCW,70
WHK,70
YPC,70
YCC,69
KMM,69
CFV,69
CQI,69
MIM,69
CQK,69
HRC,69
RWC,68
PNC,68
HWF,68
PQC,68
NPC,68
KEC,68
ENC,68
MHD,68
KHM,67
CNI,67
HCT,67
YCF,66
CWV,66
TCI,66
CPM,66
HCS,65
LNC,65
NMH,65
IVC,65
RMC,65
CII,65
CFE,65
DCC,65
FCQ,65
KMH,65
CEN,65
LCH,65
KSC,64
ECA,64
CFD,64
DCF,64
VCW,63
QTC,63
HCY,63
HCR,62
NSC,62
NCN,62
PYC,61
WFM,61
CMN,61
TNC,61
YCN,61
MMK,61
CMS,61
AHC,61
TCW,60
CID,60
QCA,60
WCL,59
MYK,59
CLH,59
YMM,59
LKC,59
ETC,59
CMV,58
CDD,58
QCQ,58
HMF,58
TCK,58
VTC,58
CFQ,58
HWM,58
CHN,57
CCQ,57
MWI,57
CCN,57
CFC,57
RCK,57
MYH,56
WVC,56
ICA,56
KCN,56
NYC,56
FCV,55
TCC,55
MQM,55
CNF,55
YCL,55
NIC,55
CND,55
CYD,55
MGC,55
KCL,54
CHA,54
ECV,54
KPC,53
AKC,53
KCQ,53
MMW,53
CEI,53
HGC,53
GCM,53
NCP,53
ECD,52
IPC,52
PKC,52
QCI,52
FVC,52
MMI,52
MHI,52
PWC,52
CMR,51
WYW,51
CCD,51
WYM,51
CEY,51
FCD,51
WSC,51
MFM,51
VCH,51
HCE,50
HWW,50
ICK,50
CLM,50
WWI,50
HMW,50
YMH,50
FCF,50
CWL,49
DCV,49
CVM,49
WAC,49
CYK,49
AMC,49
NCQ,48
CFN,48
WLC,48
VNC,48
MMM,48
VWC,48
CFW,48
EKC,47
QCD,47
EFC,47
CMD,47
HPC,47
LCK,47
CEF,47
HWH,47
LWC,47
CKI,46
QCV,45
IFC,45
PHC,45
RHC,45
WMM,44
CQH,44
MCG,44
DCH,44
CYV,44
CIC,44
CNK,44
HSC,44
EWC,43
MWM,43
CHY,43
HCN,43
PCC,43
FFC,43
NAC,42
CIW,42
WMH,41
MWH,41
HCP,41
WCA,41
MWW,41
HCL,41
PCH,40
LHC,40
YCQ,40
TKC,40
KTC,40
VQC,40
CWP,40
MHV,40
MKM,40
DEC,40
CCF,39
WWH,39
CHD,39
CFI,38
QQC,38
HMM,38
CDH,38
MHK,37
QFC,37
WCQ,37
DCK,37
FAC,37
CMP,37
WRC,37
IIC,37
MHH,37
CNH,36
CKW,36
IAC,36
THC,36
WCN,36
MYW,36
CKF,36
CML,36
CHV,36
TCH,36
MCT,35
KIC,35
DCW,35
QIC,35
WWW,35
NCD,35
MRC,34
CEM,34
CIK,34
NTC,34
MCE,34
CFK,34
YCI,34
KCF,34
WHW,33
YYC,33
ICI,33
MYM,33
DDC,33
DHC,33
FYC,33
CQW,32
ECW,32
DWC,32
QCW,32
ECI,32
MCL,32
FCI,32
CEW,32
HCD,32
DCI,32
CWN,32
CKY,32
PCK,32
EYC,31
DNC,31
KCD,31
MCS,31
WEC,31
KCA,31
CME,31
NCV,31
CYW,30
CYI,30
IDC,30
WDC,30
VKC,30
WTC,30
IYC,30
CHW,30
MVC,30
ECH,30
WWM,29
DQC,29
CWY,29
WHM,29
FCW,29
CCW,29
ITC,28
NEC,28
FEC,28
ICH,28
TWC,28
CIH,28
WCV,28
NFC,28
QKC,27
NDC,27
CCI,27
DKC,27
KKC,27
ECK,27
CMY,27
HTC,27
HVC,27
QCH,27
KFC,27
HMH,27
QWC,26
MCR,26
CWW,26
MSC,26
ECC,26
LMC,26
CHI,26
IQC,26
HCF,25
FCH,25
CWI,25
WCD,25
YTC,25
MYC,25
CHK,25
NNC,24
INC,24
ICW,24
FTC,24
CNC,24
VHC,24
FDC,24
QMC,23
QCK,23
VMC,23
VCM,23
CYC,23
WIC,23
YCA,22
RCM,22
CDM,22
TMC,22
FIC,22
KQC,22
CFH,22
CMQ,22
CWK,22
KCV,22
MDC,22
MLC,22
QYC,22
NWC,21
FQC,21
CHH,21
IKC,21
WCF,21
HCQ,21
ICC,21
YCW,21
CYH,21
KCH,21
MMH,21
HCA,20
NCA,20
WPC,20
HIC,20
FCC,20
QNC,20
HEC,20
CKH,20
YCV,20
MCP,20
KCK,19
TCM,19
KYC,19
NCI,19
IEC,18
WCI,18
NQC,18
EHC,18
PMC,18
KWC,18
DMC,18
FHC,18
CCH,18
HAC,18
YHC,18
CIM,18
NCW,18
NCM,17
CFM,17
MAC,17
YAC,17
YWC,17
MCN,17
WCW,17
CCK,16
NCK,16
CWF,16
HYC,16
FKC,15
PCM,15
MCA,15
FWC,15
HNC,15
LCM,15
FCK,15
ICM,15
EMC,15
HCI,15
CKC,15
KCI,15
MHW,14
YCH,14
CNM,14
CQC,14
HCH,14
WCK,14
HDC,14
MCQ,14
HQC,14
WFC,14
CKM,13
CMF,13
NCH,13
CMW,13
MCV,13
CQM,13
NCC,13
WWC,13
CEC,13
YCK,13
FNC,13
DCM,13
QCC,13
NHC,12
WMC,12
MNC,12
IMC,12
ECM,12
YDC,12
YMC,12
MPC,12
MCF,11
MCD,11
CYM,11
HCV,11
CWM,11
HMC,11
CHC,11
YNC,11
QHC,11
YEC,11
WKC,10
CCC,10
CHM,10
HCW,10
HCC,10
WCC,10
KCW,10
MTC,10
HFC,10
MCI,10
MHM,10
CMC,10
CMI,10
CMK,9
WQC,9
WNC,9
WCH,9
MCW,9
FMC,9
WYC,9
IHC,9
YQC,9
CMM,9
MCK,9
KCC,9
IWC,9
HKC,8
MWC,8
CWC,8
MQC,8
NKC,8
MIC,8
WCM,7
KMC,7
HCK,7
CWH,7
MFC,7
FCM,7
MKC,7
HHC,7
YKC,7
QCM,7
MEC,6
YCM,6
KHC,6
HWC,6
CCM,6
MCH,5
MCC,4
HCM,4
WHC,4
KCM,4
NMC,3
MCM,3
CMH,3
MHC,2
MMC,2
